{"stats":{"minecraft:crafted":{"minecraft:oak_planks":80,"minecraft:furnace":1,"minecraft:iron_boots":1,"minecraft:stone_pickaxe":1,"minecraft:chest":1,"sophisticatedbackpacks:iron_backpack":1,"minecraft:wheat":324,"minecraft:crafting_table":4,"minecraft:wooden_pickaxe":1,"sophisticatedbackpacks:gold_backpack":1,"minecraft:birch_planks":8,"minecraft:stone_axe":1,"minecraft:air":0,"minecraft:bread":108,"minecraft:iron_chestplate":1,"minecraft:diamond_pickaxe":1,"minecraft:stick":12,"minecraft:iron_ingot":56,"minecraft:iron_pickaxe":1,"minecraft:acacia_planks":4},"minecraft:dropped":{"tombstone:scroll_of_reach":1,"minecraft:iron_ingot":2,"minecraft:iron_sword":2,"hexerei:wax_blend":6,"minecraft:birch_planks":1,"minecraft:wheat_seeds":9,"botania:red_mystical_flower":1,"minecraft:glass_bottle":1,"minecraft:crossbow":1,"minecraft:feather":2,"minecraft:cobblestone":1,"minecraft:iron_helmet":1,"hexerei:crow_blank_amulet":2,"vinery:white_grape_seeds":3,"minecraft:leather":11,"minecraft:copper_ingot":7,"iceandfire:lightning_dragon_flesh":2,"minecraft:spruce_stairs":3,"minecraft:cod":1,"minecraft:stick":9,"born_in_chaos_v1:monster_flesh":2,"minecraft:dirt":1,"minecraft:jungle_slab":16,"blocky_siege:cannon_ball_0":3,"born_in_chaos_v1:black_argillite":3,"alexsmobs:cooked_lobster_tail":1,"born_in_chaos_v1:fused_bone":6,"tombstone:grave_dust":5,"minecraft:potion":1,"minecraft:iron_leggings":3,"minecraft:sand":2,"minecraft:iron_pickaxe":1,"minecraft:string":4,"minecraft:bone":2,"minecraft:gold_ingot":1,"vinery:red_grape_seeds":4,"minecraft:kelp":17,"hexerei:sage_seed":6,"minecraft:cobbled_deepslate":8,"botania:yellow_double_flower":1,"minecraft:bowl":1,"born_in_chaos_v1:rotten_fish":3,"minecraft:rotten_flesh":11,"minecraft:oak_planks":1,"iceandfire:fire_lily":1,"minecraft:honey_bottle":1,"minecraft:spruce_fence":7,"minecraft:flint_and_steel":1,"minecraft:filled_map":1,"supplementaries:ash":26,"minecraft:chest":1,"minecraft:andesite":4,"born_in_chaos_v1:corpse_maggot":4,"botania:mana_bottle":1,"minecraft:sandstone":2,"minecraft:stone_pickaxe":3,"minecraft:acacia_fence":1},"minecraft:broken":{"minecraft:wooden_pickaxe":1},"minecraft:killed":{"alexsmobs:lobster":2,"minecraft:spider":2,"born_in_chaos_v1:siamese_skeletonsright":2,"born_in_chaos_v1:maggot":3,"minecraft:skeleton":2,"minecraft:chicken":1,"born_in_chaos_v1:corpse_fish":1,"born_in_chaos_v1:siamese_skeletons":1,"minecraft:zombie_villager":1,"born_in_chaos_v1:swarmer":1,"minecraft:iron_golem":1,"minecraft:pillager":7,"minecraft:zombie":2,"born_in_chaos_v1:corpse_fly":2,"goety:wraith":2,"minecraft:cow":1,"born_in_chaos_v1:siamese_skeletonsleft":2},"minecraft:custom":{"minecraft:mob_kills":37,"minecraft:interact_with_crafting_table":14,"minecraft:open_barrel":26,"minecraft:damage_dealt_resisted":97,"minecraft:leave_game":1,"minecraft:time_since_death":1288,"minecraft:climb_one_cm":16868,"minecraft:sprint_one_cm":509262,"minecraft:walk_one_cm":288319,"minecraft:damage_blocked_by_shield":142,"minecraft:drop":125,"minecraft:talked_to_villager":4,"minecraft:play_time":215357,"minecraft:deaths":4,"minecraft:sneak_time":4124,"minecraft:walk_under_water_one_cm":52379,"minecraft:boat_one_cm":945230,"minecraft:jump":5210,"minecraft:walk_on_water_one_cm":52372,"minecraft:total_world_time":215357,"minecraft:interact_with_furnace":18,"tombstone:raider_killed":7,"minecraft:sleep_in_bed":5,"minecraft:time_since_rest":803,"minecraft:waystone_activated":1,"minecraft:damage_taken":9950,"minecraft:damage_absorbed":46,"minecraft:damage_dealt":5715,"minecraft:swim_one_cm":103253,"minecraft:fly_one_cm":1072408,"minecraft:player_kills":2,"minecraft:open_chest":49,"minecraft:crouch_one_cm":5949,"tombstone:undead_killed":13,"minecraft:fall_one_cm":184115,"minecraft:inspect_dispenser":1},"minecraft:picked_up":{"vinery:red_grape":3,"blocky_siege:cannon":1,"iceandfire:fire_lily":1,"minecraft:stone_brick_stairs":1,"minecraft:crimson_planks":9,"minecraft:shield":1,"born_in_chaos_v1:black_argillite":3,"minecraft:string":4,"minecraft:iron_leggings":1,"minecraft:quartz_slab":2,"minecraft:candle":32,"minecraft:cobbled_deepslate":8,"celestisynth:lunar_stone":61,"minecraft:spruce_planks":2,"minecraft:oak_boat":2,"minecraft:spruce_slab":3,"minecraft:melon_slice":21,"alexsmobs:cooked_lobster_tail":1,"minecraft:mangrove_log":3,"minecraft:raw_iron":62,"minecraft:stick":7,"minecraft:sandstone":35,"minecraft:acacia_fence":1,"botania:mana_bottle":1,"minecraft:copper_ingot":7,"minecraft:acacia_log":1,"minecraft:torch":1,"minecraft:bowl":1,"minecraft:spruce_stairs":6,"sophisticatedbackpacks:backpack":1,"minecraft:spruce_fence":7,"iceandfire:lightning_dragon_flesh":2,"tombstone:grave_dust":4,"minecraft:carrot":7,"minecraft:prismarine_crystals":13,"minecraft:purple_terracotta":1,"minecraft:dark_oak_planks":2,"hexerei:sage_seed":6,"minecraft:arrow":4,"minecraft:rotten_flesh":11,"minecraft:jungle_stairs":1,"vinery:white_grape_seeds":3,"minecraft:hay_block":36,"alexsmobs:emu_egg":3,"minecraft:gold_ingot":1,"supplementaries:ash":26,"minecraft:cod":1,"minecraft:cobblestone":84,"born_in_chaos_v1:fused_bone":6,"minecraft:birch_log":2,"minecraft:feather":2,"born_in_chaos_v1:corpse_maggot":6,"minecraft:mud_bricks":2,"minecraft:cooked_beef":2,"born_in_chaos_v1:monster_flesh":2,"minecraft:andesite":4,"minecraft:leather":5,"minecraft:potato":1,"hexerei:witch_hazel_drying_rack":1,"minecraft:oak_log":22,"hexerei:crow_blank_amulet":1,"minecraft:lapis_lazuli":19,"minecraft:dirt":2,"tombstone:gift":1,"minecraft:bone":2,"hexerei:wax_blend":6,"minecraft:stone_bricks":1,"minecraft:kelp":17,"minecraft:wheat_seeds":9,"minecraft:stone_pickaxe":1,"minecraft:iron_ingot":5,"minecraft:cooked_chicken":1,"minecraft:iron_sword":2,"minecraft:oak_planks":14,"minecraft:dark_oak_stairs":3,"iceandfire:copper_nugget":3,"botania:red_mystical_flower":1,"botania:yellow_double_flower":1,"blocky_siege:fire_bomb_0":3,"minecraft:dandelion":3,"vinery:white_grape":7,"minecraft:jungle_planks":4,"minecraft:sand":2,"minecraft:green_carpet":1,"minecraft:jungle_slab":16,"minecraft:dark_oak_log":2,"iceandfire:dragonscales_copper":19,"waystones:waystone":2,"minecraft:crossbow":2,"minecraft:emerald":6,"minecraft:bread":9,"born_in_chaos_v1:rotten_fish":3,"minecraft:coal":23},"minecraft:mined":{"minecraft:dark_oak_planks":2,"minecraft:spruce_planks":4,"minecraft:white_bed":1,"minecraft:candle":13,"minecraft:black_terracotta":4,"botania:red_mystical_flower":1,"minecraft:dark_oak_log":2,"minecraft:sea_lantern":7,"minecraft:acacia_log":1,"minecraft:purple_terracotta":1,"minecraft:spruce_fence":10,"minecraft:grass_block":3,"minecraft:jungle_planks":4,"born_in_chaos_v1:black_argillite":3,"minecraft:mud_bricks":2,"minecraft:sandstone":28,"minecraft:spawner":3,"minecraft:hay_block":36,"minecraft:carrots":2,"minecraft:furnace":1,"minecraft:iron_ore":61,"minecraft:fire":15,"minecraft:andesite":4,"minecraft:deepslate_lapis_ore":2,"minecraft:potatoes":1,"minecraft:deepslate_iron_ore":1,"minecraft:quartz_slab":1,"minecraft:green_carpet":1,"minecraft:stone":119,"minecraft:spruce_slab":3,"hexerei:willow_vines":1,"minecraft:gray_terracotta":1,"hexerei:witch_hazel_drying_rack":1,"minecraft:acacia_leaves":1,"minecraft:powder_snow":3,"minecraft:smooth_sandstone":1,"minecraft:jungle_stairs":1,"botania:yellow_double_flower":1,"minecraft:melon":5,"minecraft:tall_grass":3,"minecraft:lapis_ore":1,"minecraft:oak_planks":3,"minecraft:diorite":4,"vinery:white_grape_bush":4,"supplementaries:urn":7,"minecraft:wheat":1,"minecraft:stone_brick_stairs":1,"minecraft:birch_leaves":1,"celestisynth:lunar_stone":66,"minecraft:mangrove_leaves":15,"minecraft:muddy_mangrove_roots":1,"minecraft:grass":17,"blocky_siege:fire_bomb_2":1,"minecraft:oak_log":24,"minecraft:coal_ore":23,"minecraft:sand":1,"minecraft:crimson_planks":10,"minecraft:mangrove_log":3,"minecraft:stone_bricks":1,"hexerei:willow_vines_plant":1,"minecraft:oak_leaves":1,"minecraft:deepslate":30},"minecraft:killed_by":{"minecraft:player":1,"minecraft:creeper":1,"minecraft:iron_golem":1,"eidolon:zombie_brute":1},"minecraft:used":{"minecraft:flint_and_steel":13,"minecraft:spruce_slab":2,"minecraft:spruce_planks":2,"minecraft:shield":21,"minecraft:iron_sword":108,"minecraft:cooked_chicken":1,"minecraft:jungle_planks":2,"minecraft:carrot":3,"minecraft:honey_bottle":2,"born_in_chaos_v1:corpse_maggot":2,"minecraft:mangrove_log":3,"minecraft:quartz_slab":2,"minecraft:stone_brick_stairs":1,"minecraft:stone_bricks":1,"minecraft:crimson_planks":9,"minecraft:furnace":1,"tombstone:gift":5,"minecraft:cooked_beef":2,"hexerei:witch_hazel_drying_rack":1,"vinery:red_grape":3,"minecraft:water_bucket":35,"minecraft:birch_planks":6,"minecraft:stone_pickaxe":127,"minecraft:oak_planks":47,"minecraft:wooden_pickaxe":59,"minecraft:sandstone":33,"minecraft:tnt":4,"minecraft:crafting_table":4,"minecraft:purple_terracotta":1,"minecraft:diamond_pickaxe":171,"minecraft:apple":6,"minecraft:bread":111,"minecraft:iron_pickaxe":27,"minecraft:jungle_stairs":1,"blocky_siege:cannon":1,"minecraft:stone_axe":83,"minecraft:green_carpet":1,"minecraft:cobblestone":69,"minecraft:bucket":35,"alexsmobs:animal_dictionary":1,"minecraft:oak_boat":2,"minecraft:dandelion":3}},"DataVersion":3120}