{"stats":{"minecraft:custom":{"minecraft:time_since_rest":29830,"minecraft:sprint_one_cm":48425,"minecraft:damage_taken":430,"minecraft:walk_one_cm":46395,"minecraft:drop":6,"minecraft:damage_dealt":124,"minecraft:interact_with_crafting_table":2,"minecraft:swim_one_cm":1253,"minecraft:talked_to_villager":2,"minecraft:fly_one_cm":73560,"minecraft:open_chest":3,"minecraft:crouch_one_cm":591,"minecraft:play_time":29830,"minecraft:sneak_time":151,"minecraft:walk_under_water_one_cm":109,"minecraft:jump":402,"minecraft:time_since_death":29830,"minecraft:walk_on_water_one_cm":793,"minecraft:total_world_time":29830,"minecraft:fall_one_cm":10841},"minecraft:picked_up":{"born_in_chaos_v1:corpse_maggot":1,"vinery:red_grape":3,"minecraft:oak_log":10,"hexerei:sage_seed":2,"minecraft:wheat_seeds":2,"minecraft:hay_block":28,"minecraft:oak_planks":1,"minecraft:coal":19,"minecraft:cobblestone":39},"minecraft:mined":{"minecraft:hay_block":28,"minecraft:powder_snow":3,"minecraft:grass":8,"minecraft:oak_log":10,"minecraft:coal_ore":19,"minecraft:tall_grass":2,"minecraft:stone":40,"minecraft:oak_leaves":1},"minecraft:dropped":{"hexerei:sage_seed":2,"minecraft:wheat_seeds":2,"born_in_chaos_v1:corpse_maggot":1,"vinery:red_grape_seeds":1},"minecraft:used":{"minecraft:apple":6,"minecraft:oak_planks":15,"minecraft:wooden_pickaxe":59,"minecraft:crafting_table":1,"alexsmobs:animal_dictionary":1,"vinery:red_grape":3},"minecraft:broken":{"minecraft:wooden_pickaxe":1},"minecraft:crafted":{"minecraft:oak_planks":40,"minecraft:crafting_table":1,"minecraft:stick":8,"minecraft:wooden_pickaxe":1,"minecraft:stone_pickaxe":1,"minecraft:stone_axe":1}},"DataVersion":3120}