{"stats":{"minecraft:crafted":{"minecraft:oak_planks":60,"minecraft:stone_pickaxe":1,"minecraft:wheat":252,"minecraft:crafting_table":2,"minecraft:wooden_pickaxe":1,"minecraft:stone_axe":1,"minecraft:bread":84,"minecraft:stick":8},"minecraft:dropped":{"tombstone:scroll_of_reach":1,"minecraft:iron_ingot":2,"hexerei:wax_blend":6,"minecraft:wheat_seeds":5,"botania:red_mystical_flower":1,"minecraft:glass_bottle":1,"minecraft:crossbow":1,"minecraft:iron_helmet":1,"hexerei:crow_blank_amulet":2,"vinery:white_grape_seeds":3,"minecraft:leather":10,"minecraft:spruce_stairs":3,"minecraft:cod":1,"minecraft:stick":4,"minecraft:dirt":1,"minecraft:jungle_slab":16,"blocky_siege:cannon_ball_0":3,"tombstone:grave_dust":1,"minecraft:iron_leggings":1,"minecraft:sand":2,"vinery:red_grape_seeds":1,"minecraft:kelp":17,"hexerei:sage_seed":6,"botania:yellow_double_flower":1,"minecraft:bowl":1,"born_in_chaos_v1:rotten_fish":3,"minecraft:oak_planks":1,"iceandfire:fire_lily":1,"minecraft:honey_bottle":1,"minecraft:spruce_fence":7,"minecraft:filled_map":1,"minecraft:andesite":3,"born_in_chaos_v1:corpse_maggot":1,"minecraft:sandstone":2,"minecraft:acacia_fence":1},"minecraft:broken":{"minecraft:wooden_pickaxe":1},"minecraft:killed":{"born_in_chaos_v1:maggot":2,"born_in_chaos_v1:corpse_fish":1,"minecraft:iron_golem":1,"minecraft:pillager":7},"minecraft:custom":{"minecraft:mob_kills":12,"minecraft:interact_with_crafting_table":4,"minecraft:open_barrel":25,"minecraft:leave_game":1,"minecraft:time_since_death":69539,"minecraft:climb_one_cm":3060,"minecraft:sprint_one_cm":232556,"minecraft:walk_one_cm":147315,"minecraft:drop":69,"minecraft:talked_to_villager":2,"minecraft:play_time":101357,"minecraft:deaths":1,"minecraft:sneak_time":1518,"minecraft:walk_under_water_one_cm":10851,"minecraft:boat_one_cm":252325,"minecraft:jump":2319,"minecraft:walk_on_water_one_cm":17511,"minecraft:total_world_time":101357,"tombstone:raider_killed":7,"minecraft:sleep_in_bed":3,"minecraft:time_since_rest":5057,"minecraft:damage_taken":3370,"minecraft:damage_dealt":1350,"minecraft:swim_one_cm":67058,"minecraft:fly_one_cm":520966,"minecraft:player_kills":1,"minecraft:open_chest":38,"minecraft:crouch_one_cm":2449,"minecraft:fall_one_cm":71467,"minecraft:inspect_dispenser":1},"minecraft:picked_up":{"vinery:red_grape":3,"blocky_siege:cannon":1,"iceandfire:fire_lily":1,"minecraft:crimson_planks":9,"minecraft:shield":1,"minecraft:iron_leggings":1,"minecraft:quartz_slab":2,"minecraft:spruce_planks":2,"minecraft:oak_boat":2,"minecraft:spruce_slab":3,"minecraft:melon_slice":21,"minecraft:stick":2,"minecraft:sandstone":2,"minecraft:acacia_fence":1,"minecraft:torch":1,"minecraft:bowl":1,"minecraft:spruce_stairs":6,"minecraft:spruce_fence":7,"iceandfire:lightning_dragon_flesh":2,"minecraft:prismarine_crystals":1,"minecraft:purple_terracotta":1,"minecraft:dark_oak_planks":2,"hexerei:sage_seed":6,"minecraft:jungle_stairs":1,"vinery:white_grape_seeds":3,"minecraft:hay_block":28,"minecraft:cod":1,"minecraft:cobblestone":49,"born_in_chaos_v1:corpse_maggot":1,"minecraft:andesite":3,"minecraft:leather":4,"hexerei:witch_hazel_drying_rack":1,"minecraft:oak_log":15,"hexerei:crow_blank_amulet":1,"minecraft:dirt":2,"hexerei:wax_blend":6,"minecraft:kelp":17,"minecraft:wheat_seeds":5,"minecraft:iron_ingot":5,"minecraft:oak_planks":4,"minecraft:dark_oak_stairs":3,"botania:red_mystical_flower":1,"botania:yellow_double_flower":1,"blocky_siege:fire_bomb_0":3,"minecraft:dandelion":3,"vinery:white_grape":7,"minecraft:jungle_planks":4,"minecraft:sand":2,"minecraft:jungle_slab":16,"minecraft:dark_oak_log":2,"iceandfire:dragonscales_copper":19,"waystones:waystone":1,"minecraft:crossbow":1,"minecraft:bread":9,"born_in_chaos_v1:rotten_fish":3,"minecraft:coal":23},"minecraft:mined":{"minecraft:dark_oak_planks":2,"minecraft:spruce_planks":2,"botania:red_mystical_flower":1,"minecraft:dark_oak_log":2,"minecraft:purple_terracotta":1,"minecraft:spruce_fence":10,"minecraft:grass_block":1,"minecraft:jungle_planks":4,"minecraft:sandstone":2,"minecraft:spawner":1,"minecraft:hay_block":28,"minecraft:fire":15,"minecraft:andesite":3,"minecraft:quartz_slab":1,"minecraft:stone":50,"minecraft:spruce_slab":3,"hexerei:witch_hazel_drying_rack":1,"minecraft:powder_snow":3,"minecraft:jungle_stairs":1,"botania:yellow_double_flower":1,"minecraft:melon":5,"minecraft:tall_grass":2,"minecraft:oak_planks":3,"vinery:white_grape_bush":4,"minecraft:birch_leaves":1,"minecraft:grass":14,"blocky_siege:fire_bomb_2":1,"minecraft:oak_log":15,"minecraft:coal_ore":23,"minecraft:sand":1,"minecraft:crimson_planks":10,"minecraft:oak_leaves":1},"minecraft:killed_by":{"minecraft:iron_golem":1},"minecraft:used":{"minecraft:flint_and_steel":13,"minecraft:spruce_slab":2,"minecraft:spruce_planks":2,"minecraft:iron_sword":19,"minecraft:jungle_planks":2,"minecraft:honey_bottle":2,"minecraft:quartz_slab":2,"minecraft:crimson_planks":9,"tombstone:gift":2,"hexerei:witch_hazel_drying_rack":1,"vinery:red_grape":3,"minecraft:water_bucket":3,"minecraft:stone_pickaxe":26,"minecraft:oak_planks":39,"minecraft:wooden_pickaxe":59,"minecraft:tnt":4,"minecraft:crafting_table":2,"minecraft:purple_terracotta":1,"minecraft:apple":6,"minecraft:bread":44,"minecraft:jungle_stairs":1,"blocky_siege:cannon":1,"minecraft:stone_axe":60,"minecraft:cobblestone":17,"minecraft:bucket":3,"alexsmobs:animal_dictionary":1,"minecraft:oak_boat":2,"minecraft:dandelion":3}},"DataVersion":3120}