{"stats":{"minecraft:custom":{"minecraft:jump":91,"minecraft:damage_taken":10,"minecraft:time_since_rest":5830,"minecraft:damage_dealt":25,"minecraft:crouch_one_cm":36,"minecraft:sprint_one_cm":9152,"minecraft:play_time":5830,"minecraft:time_since_death":5830,"minecraft:walk_one_cm":3735,"minecraft:sneak_time":19,"minecraft:total_world_time":5830,"minecraft:fall_one_cm":1997,"minecraft:drop":2,"minecraft:fly_one_cm":19578},"minecraft:picked_up":{"hexerei:sage_seed":2,"minecraft:oak_log":10},"minecraft:mined":{"minecraft:grass":1,"minecraft:oak_log":10,"minecraft:oak_leaves":1},"minecraft:dropped":{"hexerei:sage_seed":2},"minecraft:crafted":{"minecraft:crafting_table":1,"minecraft:oak_planks":40}},"DataVersion":3120}