{"stats":{"minecraft:custom":{"minecraft:time_since_rest":1618,"minecraft:sprint_one_cm":57150,"minecraft:damage_taken":1239,"minecraft:walk_one_cm":59776,"minecraft:mob_kills":1,"minecraft:drop":8,"minecraft:damage_dealt":309,"minecraft:interact_with_crafting_table":2,"minecraft:swim_one_cm":1253,"minecraft:talked_to_villager":2,"minecraft:fly_one_cm":88971,"minecraft:open_chest":3,"minecraft:crouch_one_cm":900,"minecraft:play_time":37542,"minecraft:deaths":1,"minecraft:sneak_time":644,"minecraft:walk_under_water_one_cm":109,"minecraft:jump":494,"minecraft:leave_game":1,"minecraft:time_since_death":5724,"minecraft:walk_on_water_one_cm":1293,"minecraft:sleep_in_bed":1,"minecraft:total_world_time":37542,"minecraft:fall_one_cm":13689},"minecraft:picked_up":{"born_in_chaos_v1:corpse_maggot":1,"vinery:red_grape":3,"minecraft:dandelion":3,"minecraft:oak_log":10,"hexerei:sage_seed":2,"minecraft:wheat_seeds":2,"minecraft:hay_block":28,"minecraft:iron_ingot":5,"minecraft:oak_planks":1,"minecraft:coal":19,"minecraft:cobblestone":39},"minecraft:mined":{"minecraft:hay_block":28,"minecraft:powder_snow":3,"minecraft:grass":8,"minecraft:oak_log":10,"minecraft:coal_ore":19,"minecraft:tall_grass":2,"minecraft:stone":40,"minecraft:oak_leaves":1},"minecraft:used":{"minecraft:apple":6,"minecraft:oak_planks":15,"minecraft:wooden_pickaxe":59,"minecraft:stone_axe":3,"minecraft:crafting_table":1,"tombstone:gift":2,"alexsmobs:animal_dictionary":1,"minecraft:dandelion":3,"vinery:red_grape":3},"minecraft:dropped":{"minecraft:iron_ingot":2,"hexerei:sage_seed":2,"minecraft:wheat_seeds":2,"born_in_chaos_v1:corpse_maggot":1,"vinery:red_grape_seeds":1},"minecraft:killed_by":{"minecraft:iron_golem":1},"minecraft:broken":{"minecraft:wooden_pickaxe":1},"minecraft:killed":{"minecraft:iron_golem":1},"minecraft:crafted":{"minecraft:oak_planks":40,"minecraft:crafting_table":1,"minecraft:stick":8,"minecraft:wooden_pickaxe":1,"minecraft:stone_pickaxe":1,"minecraft:stone_axe":1}},"DataVersion":3120}