{"stats":{"minecraft:broken":{"minecraft:iron_shovel":1,"minecraft:wooden_pickaxe":1,"minecraft:shield":1,"minecraft:iron_axe":1,"minecraft:iron_pickaxe":2,"minecraft:iron_helmet":1},"minecraft:picked_up":{"minecraft:iron_chestplate":2,"minecraft:black_carpet":1,"vinery:red_grape":3,"minecraft:flower_pot":1,"minecraft:lead":1,"minecraft:oak_stairs":2,"minecraft:stone_brick_stairs":1,"minecraft:crimson_planks":9,"vinery:grapevine_lattice":6,"born_in_chaos_v1:black_argillite":3,"iceandfire:manuscript":4,"minecraft:string":8,"minecraft:raw_copper":15,"minecraft:iron_leggings":1,"minecraft:experience_bottle":4,"vinery:savanna_grapes_red":5,"goety:ectoplasm":1,"minecraft:gold_nugget":250,"minecraft:cobbled_deepslate":9,"minecraft:spruce_planks":16,"celestisynth:lunar_stone":63,"minecraft:iron_pickaxe":2,"minecraft:melon_slice":21,"minecraft:mangrove_log":3,"minecraft:stick":62,"minecraft:acacia_fence":1,"minecraft:torch":4,"minecraft:acacia_log":1,"minecraft:spruce_stairs":7,"iceandfire:silver_ore":1,"hexerei:cloth":1,"iceandfire:lightning_dragon_flesh":2,"tombstone:grave_dust":12,"minecraft:rotten_flesh":24,"minecraft:polished_basalt":6,"iceandfire:fire_dragon_heart":1,"alexsmobs:emu_egg":4,"supplementaries:ash":29,"minecraft:iron_bars":2,"minecraft:cod":1,"vinery:apple_log":7,"hexerei:waxing_kit":1,"minecraft:cobblestone":937,"minecraft:birch_log":2,"minecraft:feather":2,"minecraft:cooked_beef":9,"minecraft:andesite":5,"minecraft:potato":1,"hexerei:witch_hazel_drying_rack":3,"minecraft:smooth_sandstone_stairs":5,"minecraft:lapis_lazuli":20,"minecraft:dirt":533,"iceandfire:dragonscales_bronze":19,"minecraft:purple_carpet":8,"minecraft:bone":20,"hexerei:wax_blend":6,"minecraft:bow":3,"minecraft:wheat_seeds":28,"minecraft:oak_planks":15,"hexerei:animal_fat":6,"botania:red_mystical_flower":1,"minecraft:cooked_porkchop":8,"irons_spellbooks:frozen_bone":2,"botania:yellow_double_flower":1,"blocky_siege:fire_bomb_0":8,"iceandfire:dragon_skull_fire":2,"vinery:white_grape":10,"minecraft:jungle_planks":4,"minecraft:sand":2,"minecraft:chiseled_sandstone":26,"sophisticatedbackpacks:iron_backpack":1,"minecraft:jungle_slab":16,"minecraft:dark_oak_log":2,"minecraft:bundle":2,"vinery:jungle_grapes_red":2,"minecraft:diamond":1,"waystones:waystone":8,"minecraft:crossbow":2,"minecraft:granite":48,"minecraft:chainmail_helmet":1,"minecraft:bread":17,"minecraft:emerald":7,"alexsmobs:maggot":1,"minecraft:oak_sapling":26,"born_in_chaos_v1:rotten_fish":3,"iceandfire:dragon_skull_lightning":1,"sophisticatedbackpacks:gold_backpack":2,"blocky_siege:cannon":1,"born_in_chaos_v1:river_mint":9,"vinery:taiga_grapes_white":2,"iceandfire:fire_lily":1,"iceandfire:chain":1,"minecraft:shield":1,"minecraft:cornflower":1,"minecraft:iron_axe":1,"minecraft:quartz_slab":2,"minecraft:iron_shovel":1,"minecraft:blue_orchid":2,"minecraft:candle":32,"minecraft:beef":8,"minecraft:oak_boat":3,"minecraft:poppy":7,"minecraft:iron_nugget":3,"minecraft:spruce_slab":3,"alexsmobs:cooked_lobster_tail":1,"minecraft:waxed_oxidized_copper":1,"minecraft:raw_iron":62,"minecraft:sandstone":123,"iceandfire:dragonbone":29,"minecraft:copper_ingot":7,"minecraft:bowl":1,"botania:mana_bottle":1,"minecraft:spruce_fence":7,"sophisticatedbackpacks:backpack":1,"minecraft:carrot":65,"minecraft:prismarine_crystals":13,"minecraft:purple_terracotta":1,"minecraft:dark_oak_planks":56,"hexerei:sage_seed":17,"minecraft:arrow":17,"minecraft:jungle_stairs":1,"vinery:white_grape_seeds":3,"minecraft:hay_block":51,"minecraft:stripped_dark_oak_wood":7,"minecraft:gold_ingot":5,"minecraft:mutton":3,"born_in_chaos_v1:fused_bone":6,"born_in_chaos_v1:corpse_maggot":10,"minecraft:mud_bricks":2,"born_in_chaos_v1:monster_flesh":2,"minecraft:cut_sandstone":33,"minecraft:leather":15,"minecraft:acacia_wood":14,"minecraft:filled_map":2,"minecraft:oak_log":115,"minecraft:chainmail_chestplate":1,"minecraft:cobblestone_wall":1,"minecraft:yellow_bed":1,"hexerei:crow_blank_amulet":1,"vinery:taiga_grapes_red":3,"minecraft:gunpowder":3,"tombstone:gift":1,"botania:light_blue_mystical_flower":1,"minecraft:cooked_mutton":1,"minecraft:smooth_sandstone":94,"minecraft:red_carpet":3,"minecraft:apple":7,"minecraft:stone_bricks":1,"minecraft:kelp":17,"hexerei:pestle_and_mortar":1,"minecraft:spruce_wood":98,"minecraft:iron_ingot":21,"minecraft:stone_pickaxe":1,"minecraft:cooked_chicken":2,"minecraft:iron_sword":4,"iceandfire:fire_dragon_flesh":3,"minecraft:dark_oak_stairs":14,"minecraft:purple_concrete":3,"minecraft:book":102,"iceandfire:copper_nugget":3,"minecraft:dark_oak_slab":6,"iceandfire:ash":2,"born_in_chaos_v1:ethereal_spirit":3,"minecraft:dandelion":3,"minecraft:amethyst_shard":13,"minecraft:white_bed":3,"minecraft:green_carpet":1,"minecraft:spider_eye":1,"iceandfire:dragonscales_copper":19,"minecraft:oak_wood":18,"hexerei:herb_jar":1,"minecraft:gray_wool":2,"minecraft:damaged_anvil":1,"minecraft:black_wool":2,"minecraft:coal":68},"minecraft:mined":{"minecraft:dark_oak_planks":66,"minecraft:spruce_planks":20,"minecraft:white_bed":3,"minecraft:black_terracotta":6,"botania:red_mystical_flower":1,"sophisticatedbackpacks:gold_backpack":1,"minecraft:granite":48,"vinery:taiga_grape_bush_red":3,"minecraft:acacia_log":1,"minecraft:grass_block":407,"vinery:savanna_grape_bush_red":1,"minecraft:mud_bricks":2,"vinery:apple_log":7,"minecraft:spawner":23,"blocky_siege:fire_bomb_0":2,"minecraft:iron_ore":61,"minecraft:fire":15,"minecraft:deepslate_lapis_ore":2,"minecraft:stripped_dark_oak_wood":14,"minecraft:dark_oak_stairs":13,"vinery:taiga_grape_bush_white":3,"iceandfire:gold_pile":25,"minecraft:quartz_slab":1,"minecraft:iron_bars":2,"minecraft:green_carpet":1,"vinery:grapevine_lattice":3,"minecraft:smooth_sandstone_stairs":7,"minecraft:spruce_wood":121,"botania:light_blue_mystical_flower":1,"minecraft:tripwire":3,"minecraft:spruce_slab":3,"minecraft:cut_sandstone":50,"hexerei:witch_hazel_drying_rack":1,"minecraft:gray_terracotta":3,"vinery:jungle_grape_bush_red":1,"minecraft:powder_snow":3,"minecraft:jungle_stairs":1,"minecraft:poppy":1,"minecraft:melon":5,"minecraft:cobblestone":45,"minecraft:oak_planks":3,"minecraft:damaged_anvil":1,"minecraft:wall_torch":1,"vinery:white_grape_bush":4,"minecraft:dark_oak_slab":6,"minecraft:wheat":1,"born_in_chaos_v1:river_mint":8,"celestisynth:lunar_stone":68,"minecraft:stone_brick_stairs":1,"blocky_siege:fire_bomb_2":2,"minecraft:grass":107,"minecraft:oak_log":120,"minecraft:waxed_oxidized_copper":1,"minecraft:sand":1,"minecraft:dirt":132,"minecraft:crimson_planks":10,"minecraft:mangrove_log":3,"vinery:apple_leaves":11,"minecraft:oak_leaves":68,"minecraft:deepslate":32,"minecraft:red_carpet":2,"iceandfire:silver_ore":1,"minecraft:candle":13,"minecraft:dark_oak_log":2,"minecraft:sea_lantern":7,"minecraft:purple_terracotta":1,"minecraft:spruce_fence":10,"minecraft:jungle_planks":4,"born_in_chaos_v1:black_argillite":3,"minecraft:sandstone":115,"minecraft:hay_block":52,"minecraft:furnace":1,"minecraft:carrots":14,"minecraft:polished_basalt":6,"minecraft:chiseled_sandstone":34,"minecraft:acacia_wood":15,"minecraft:andesite":5,"minecraft:bookshelf":43,"minecraft:potatoes":1,"minecraft:deepslate_iron_ore":1,"minecraft:stone":979,"minecraft:potted_allium":1,"hexerei:willow_vines":1,"minecraft:acacia_leaves":1,"minecraft:smooth_sandstone":101,"minecraft:cornflower":2,"botania:yellow_double_flower":1,"minecraft:oak_wood":18,"minecraft:copper_ore":4,"minecraft:tall_grass":6,"minecraft:lapis_ore":1,"minecraft:diorite":4,"supplementaries:urn":7,"minecraft:spruce_stairs":2,"minecraft:red_terracotta":1,"minecraft:birch_leaves":1,"minecraft:purple_concrete":3,"minecraft:mangrove_leaves":15,"minecraft:yellow_bed":1,"minecraft:muddy_mangrove_roots":1,"minecraft:coal_ore":68,"minecraft:gray_carpet":1,"hexerei:willow_vines_plant":1,"minecraft:stone_bricks":1},"minecraft:custom":{"minecraft:interact_with_crafting_table":60,"minecraft:open_barrel":30,"minecraft:leave_game":2,"minecraft:time_since_death":32565,"minecraft:sprint_one_cm":1294447,"minecraft:damage_blocked_by_shield":2047,"minecraft:drop":309,"minecraft:talked_to_villager":8,"minecraft:play_time":584842,"minecraft:deaths":18,"minecraft:jump":11628,"minecraft:walk_on_water_one_cm":80956,"minecraft:interact_with_furnace":24,"minecraft:traded_with_villager":5,"minecraft:sleep_in_bed":11,"minecraft:waystone_activated":9,"minecraft:damage_dealt":26416,"minecraft:player_kills":3,"minecraft:crouch_one_cm":46331,"tombstone:undead_killed":48,"minecraft:interact_with_smoker":1,"minecraft:inspect_dispenser":3,"minecraft:interact_with_anvil":2,"minecraft:mob_kills":94,"minecraft:damage_dealt_resisted":227,"minecraft:climb_one_cm":19553,"minecraft:walk_one_cm":926483,"minecraft:sneak_time":21778,"minecraft:walk_under_water_one_cm":64682,"minecraft:boat_one_cm":945230,"minecraft:total_world_time":584842,"spartanshields:shield_bash_hits":1,"tombstone:raider_killed":9,"minecraft:time_since_rest":32564,"minecraft:damage_taken":30836,"minecraft:damage_absorbed":46,"minecraft:swim_one_cm":114029,"minecraft:fly_one_cm":2198129,"minecraft:open_chest":279,"minecraft:fall_one_cm":371330},"minecraft:used":{"alexsmobs:emu_egg":3,"minecraft:iron_shovel":429,"minecraft:spruce_slab":2,"minecraft:poppy":3,"minecraft:polished_basalt":6,"minecraft:chest":17,"minecraft:shield":52,"minecraft:iron_sword":346,"vinery:white_grape":3,"minecraft:jungle_planks":2,"minecraft:carrot":56,"vinery:jungle_grape_seeds_red":3,"vinery:taiga_grape_seeds_red":4,"minecraft:honey_bottle":2,"born_in_chaos_v1:corpse_maggot":3,"minecraft:waxed_oxidized_copper":1,"minecraft:mangrove_log":3,"minecraft:stripped_dark_oak_wood":6,"minecraft:quartz_slab":2,"minecraft:stone_brick_stairs":1,"minecraft:stone_bricks":1,"minecraft:bow":10,"minecraft:cooked_cod":1,"minecraft:oak_sapling":26,"minecraft:furnace":2,"minecraft:diorite":9,"minecraft:stone_pickaxe":127,"minecraft:oak_planks":167,"minecraft:wooden_pickaxe":59,"minecraft:sandstone":121,"minecraft:crossbow":1,"minecraft:purple_terracotta":1,"waystones:waystone":6,"minecraft:chiseled_sandstone":16,"minecraft:melon_slice":11,"minecraft:bread":173,"minecraft:gravel":10,"tombstone:grave_key":2,"blocky_siege:fire_bomb_0":5,"minecraft:diamond_sword":113,"iceandfire:dragon_skull_fire":2,"born_in_chaos_v1:river_mint":9,"minecraft:andesite":9,"minecraft:oak_boat":2,"minecraft:bone_meal":30,"minecraft:experience_bottle":16,"minecraft:stone_sword":14,"minecraft:flint_and_steel":13,"minecraft:spruce_planks":380,"minecraft:stone_hoe":36,"minecraft:cooked_chicken":1,"minecraft:stick":1,"minecraft:torch":100,"minecraft:dirt":517,"minecraft:oak_wood":7,"minecraft:granite":29,"minecraft:dark_oak_planks":48,"alexsmobs:maggot":1,"minecraft:iron_axe":459,"minecraft:smooth_sandstone":78,"minecraft:crimson_planks":9,"minecraft:purple_concrete":2,"minecraft:golden_carrot":22,"minecraft:beef":8,"tombstone:gift":5,"minecraft:cooked_beef":8,"minecraft:acacia_planks":56,"sophisticatedbackpacks:gold_backpack":1,"hexerei:witch_hazel_drying_rack":1,"vinery:red_grape":3,"minecraft:water_bucket":80,"minecraft:cobblestone_stairs":14,"minecraft:birch_planks":6,"minecraft:cut_sandstone":24,"minecraft:tnt":4,"minecraft:crafting_table":9,"vinery:grapevine_lattice":26,"minecraft:white_bed":2,"minecraft:oak_log":9,"celestisynth:lunar_stone":2,"minecraft:black_wool":1,"minecraft:diamond_pickaxe":1172,"minecraft:cornflower":1,"minecraft:apple":6,"minecraft:iron_pickaxe":391,"minecraft:jungle_stairs":1,"blocky_siege:cannon":1,"minecraft:stone_axe":85,"minecraft:green_carpet":1,"vinery:savanna_grape_seeds_red":6,"minecraft:cobblestone":450,"minecraft:cooked_porkchop":8,"minecraft:bucket":80,"minecraft:yellow_bed":1,"alexsmobs:animal_dictionary":1,"vinery:apple_tree_sapling":1,"minecraft:purple_carpet":3,"minecraft:dandelion":3,"vinery:taiga_grape_seeds_white":3},"minecraft:killed":{"alexsmobs:lobster":2,"minecraft:witch":1,"minecraft:spider":3,"born_in_chaos_v1:siamese_skeletonsright":2,"born_in_chaos_v1:scarlet_persecutor":1,"minecraft:skeleton":18,"minecraft:chicken":2,"minecraft:pig":2,"minecraft:zombie_villager":1,"minecraft:iron_golem":2,"minecraft:sheep":1,"minecraft:pillager":7,"minecraft:zombie":17,"born_in_chaos_v1:corpse_fly":2,"goety:wraith":4,"alexsmobs:fly":1,"born_in_chaos_v1:siamese_skeletonsleft":2,"minecraft:cow":5,"born_in_chaos_v1:maggot":6,"minecraft:horse":2,"born_in_chaos_v1:corpse_fish":1,"born_in_chaos_v1:siamese_skeletons":1,"born_in_chaos_v1:barrel_zombie":1,"minecraft:husk":1,"born_in_chaos_v1:swarmer":1,"born_in_chaos_v1:bloody_gadfly":1},"minecraft:dropped":{"sophisticatedbackpacks:iron_backpack":1,"hexerei:wax_blend":6,"minecraft:iron_sword":5,"minecraft:birch_planks":1,"hexerei:cloth":1,"minecraft:ender_pearl":1,"minecraft:diamond":28,"botania:red_mystical_flower":1,"minecraft:glass_bottle":1,"hexerei:waxing_kit":1,"minecraft:dark_oak_slab":4,"hexerei:pestle_and_mortar":1,"minecraft:crossbow":1,"hexerei:crow_blank_amulet":2,"iceandfire:fire_dragon_flesh":1,"vinery:white_grape_seeds":3,"minecraft:leather":18,"minecraft:cod":1,"sophisticatedbackpacks:gold_backpack":1,"born_in_chaos_v1:monster_flesh":2,"minecraft:dirt":3,"blocky_siege:cannon_ball_0":3,"minecraft:mutton":3,"minecraft:cut_sandstone":9,"minecraft:gold_nugget":7,"minecraft:amethyst_shard":13,"iceandfire:ash":2,"minecraft:sand":2,"minecraft:iron_pickaxe":2,"minecraft:dark_oak_planks":6,"minecraft:gold_ingot":39,"minecraft:bone":5,"vinery:red_grape_seeds":4,"minecraft:gravel":7,"minecraft:goat_horn":1,"minecraft:iron_nugget":12,"minecraft:cooked_chicken":1,"minecraft:cobbled_deepslate":9,"minecraft:smooth_sandstone_stairs":1,"minecraft:wheat":2,"born_in_chaos_v1:ethereal_spirit":2,"minecraft:rotten_flesh":24,"minecraft:oak_planks":1,"iceandfire:fire_lily":1,"minecraft:blaze_powder":1,"minecraft:honey_bottle":1,"alexsmobs:emu_egg":1,"minecraft:white_bed":1,"minecraft:carrot":1,"minecraft:chainmail_chestplate":1,"supplementaries:ash":29,"iceandfire:chain":2,"minecraft:gunpowder":1,"born_in_chaos_v1:corpse_maggot":7,"minecraft:chest":1,"minecraft:iron_bars":2,"minecraft:acacia_fence":1,"iceandfire:manuscript":4,"tombstone:scroll_of_reach":1,"minecraft:iron_ingot":46,"minecraft:bread":10,"minecraft:wheat_seeds":17,"minecraft:feather":2,"minecraft:iron_helmet":1,"minecraft:cobblestone":2,"minecraft:purple_concrete":1,"minecraft:granite":20,"minecraft:copper_ingot":7,"iceandfire:lightning_dragon_flesh":2,"minecraft:spruce_stairs":3,"hexerei:herb_jar":1,"minecraft:chainmail_helmet":1,"minecraft:stick":15,"minecraft:jungle_slab":16,"minecraft:gray_wool":2,"born_in_chaos_v1:black_argillite":3,"minecraft:golden_carrot":6,"minecraft:diorite":19,"minecraft:torch":2,"alexsmobs:cooked_lobster_tail":1,"born_in_chaos_v1:fused_bone":6,"tombstone:grave_dust":13,"minecraft:potion":1,"minecraft:iron_leggings":3,"minecraft:oak_stairs":5,"minecraft:iron_shovel":1,"minecraft:smooth_sandstone":14,"minecraft:string":5,"minecraft:chiseled_sandstone":10,"iceandfire:dragonbone":21,"hexerei:animal_fat":5,"minecraft:kelp":17,"hexerei:sage_seed":7,"hexerei:witch_hazel_drying_rack":2,"minecraft:stone_sword":1,"botania:yellow_double_flower":1,"minecraft:raw_copper":15,"minecraft:bowl":1,"born_in_chaos_v1:rotten_fish":3,"minecraft:experience_bottle":3,"minecraft:iron_boots":1,"minecraft:spruce_fence":7,"minecraft:flint_and_steel":1,"minecraft:filled_map":3,"minecraft:potato":1,"minecraft:bundle":1,"minecraft:spruce_planks":2,"minecraft:iron_chestplate":2,"minecraft:andesite":4,"minecraft:oak_boat":1,"botania:mana_bottle":1,"minecraft:slime_ball":9,"minecraft:sandstone":2,"minecraft:blue_orchid":10,"minecraft:bow":2,"minecraft:stone_pickaxe":3,"waystones:waystone":1,"iceandfire:dragon_skull_lightning":1,"minecraft:black_wool":1},"minecraft:crafted":{"minecraft:oak_planks":428,"iceandfire:armor_copper_boots":1,"minecraft:chain":9,"minecraft:cobblestone_stairs":40,"minecraft:iron_boots":1,"tombstone:grave_key":2,"minecraft:chest":18,"minecraft:stone_hoe":1,"minecraft:crafting_table":9,"minecraft:spruce_planks":396,"minecraft:wooden_pickaxe":1,"minecraft:birch_planks":8,"vinery:taiga_grape_seeds_red":4,"iceandfire:armor_copper_chestplate":1,"minecraft:iron_chestplate":1,"minecraft:diamond_pickaxe":1,"minecraft:stick":60,"minecraft:iron_pickaxe":2,"minecraft:iron_ingot":57,"minecraft:gold_ingot":27,"vinery:apple_tree_sapling":1,"vinery:jungle_grape_seeds_red":3,"iceandfire:armor_copper_helmet":1,"minecraft:golden_carrot":30,"vinery:savanna_grape_seeds_red":6,"minecraft:iron_nugget":36,"minecraft:furnace":2,"minecraft:bone_meal":30,"minecraft:iron_axe":1,"minecraft:stone_pickaxe":1,"vinery:grapevine_lattice":20,"minecraft:wheat":459,"iceandfire:chain":3,"sophisticatedbackpacks:iron_backpack":1,"minecraft:cooked_cod":1,"minecraft:iron_sword":2,"sophisticatedbackpacks:gold_backpack":1,"minecraft:stone_axe":1,"minecraft:bread":159,"minecraft:air":0,"vinery:taiga_grape_seeds_white":3,"minecraft:gold_nugget":306,"minecraft:iron_shovel":2,"iceandfire:armor_bronze_leggings":1,"minecraft:acacia_planks":60,"minecraft:torch":128},"minecraft:killed_by":{"minecraft:creeper":1,"eidolon:zombie_brute":1,"minecraft:vindicator":2,"minecraft:zombie":1,"iceandfire:fire_dragon":2,"minecraft:player":1,"minecraft:iron_golem":2,"minecraft:skeleton":4,"minecraft:phantom":1}},"DataVersion":3120}