{"stats":{"minecraft:custom":{"minecraft:time_since_rest":17830,"minecraft:crouch_one_cm":471,"minecraft:play_time":17830,"minecraft:sprint_one_cm":23053,"minecraft:damage_taken":350,"minecraft:walk_one_cm":27532,"minecraft:sneak_time":136,"minecraft:drop":3,"minecraft:jump":213,"minecraft:damage_dealt":104,"minecraft:time_since_death":17830,"minecraft:total_world_time":17830,"minecraft:fall_one_cm":6492,"minecraft:fly_one_cm":40886},"minecraft:picked_up":{"hexerei:sage_seed":2,"vinery:red_grape":3,"minecraft:oak_log":10,"minecraft:oak_planks":1},"minecraft:mined":{"minecraft:grass":6,"minecraft:oak_log":10,"minecraft:powder_snow":3,"minecraft:oak_leaves":1},"minecraft:used":{"minecraft:oak_planks":14,"alexsmobs:animal_dictionary":1,"vinery:red_grape":3},"minecraft:dropped":{"hexerei:sage_seed":2,"vinery:red_grape_seeds":1},"minecraft:crafted":{"minecraft:oak_planks":40,"minecraft:crafting_table":1}},"DataVersion":3120}