{"stats":{"minecraft:killed_by":{"minecraft:creeper":1,"eidolon:zombie_brute":1,"minecraft:vindicator":2,"iceandfire:fire_dragon":2,"minecraft:player":1,"minecraft:iron_golem":1,"minecraft:phantom":1},"minecraft:broken":{"minecraft:iron_shovel":1,"minecraft:wooden_pickaxe":1,"minecraft:iron_helmet":1},"minecraft:crafted":{"minecraft:oak_planks":340,"iceandfire:armor_copper_boots":1,"minecraft:chain":6,"minecraft:cobblestone_stairs":40,"minecraft:iron_boots":1,"minecraft:chest":14,"minecraft:stone_hoe":1,"minecraft:crafting_table":8,"minecraft:wooden_pickaxe":1,"minecraft:birch_planks":8,"vinery:taiga_grape_seeds_red":1,"iceandfire:armor_copper_chestplate":1,"minecraft:diamond_pickaxe":1,"minecraft:iron_chestplate":1,"minecraft:stick":44,"minecraft:iron_pickaxe":2,"minecraft:iron_ingot":56,"minecraft:gold_ingot":27,"vinery:apple_tree_sapling":1,"vinery:jungle_grape_seeds_red":1,"iceandfire:armor_copper_helmet":1,"vinery:savanna_grape_seeds_red":1,"minecraft:iron_nugget":18,"minecraft:furnace":2,"minecraft:iron_axe":1,"minecraft:stone_pickaxe":1,"vinery:grapevine_lattice":20,"minecraft:wheat":459,"iceandfire:chain":2,"sophisticatedbackpacks:iron_backpack":1,"sophisticatedbackpacks:gold_backpack":1,"minecraft:stone_axe":1,"minecraft:bread":159,"minecraft:air":0,"vinery:taiga_grape_seeds_white":1,"minecraft:iron_shovel":1,"iceandfire:armor_bronze_leggings":1,"minecraft:acacia_planks":4,"minecraft:torch":16},"minecraft:picked_up":{"vinery:red_grape":3,"minecraft:flower_pot":1,"minecraft:lead":1,"minecraft:oak_stairs":2,"minecraft:stone_brick_stairs":1,"minecraft:crimson_planks":9,"vinery:grapevine_lattice":5,"born_in_chaos_v1:black_argillite":3,"iceandfire:manuscript":4,"minecraft:string":4,"minecraft:raw_copper":15,"minecraft:iron_leggings":1,"minecraft:gold_nugget":250,"minecraft:cobbled_deepslate":8,"celestisynth:lunar_stone":61,"minecraft:spruce_planks":4,"minecraft:iron_pickaxe":1,"minecraft:melon_slice":21,"minecraft:mangrove_log":3,"minecraft:stick":24,"minecraft:acacia_fence":1,"minecraft:torch":3,"minecraft:acacia_log":1,"minecraft:spruce_stairs":6,"iceandfire:silver_ore":1,"hexerei:cloth":1,"iceandfire:lightning_dragon_flesh":2,"tombstone:grave_dust":8,"minecraft:rotten_flesh":14,"iceandfire:fire_dragon_heart":1,"alexsmobs:emu_egg":4,"supplementaries:ash":29,"minecraft:iron_bars":2,"minecraft:cod":1,"vinery:apple_log":7,"hexerei:waxing_kit":1,"minecraft:cobblestone":888,"minecraft:birch_log":2,"minecraft:feather":2,"minecraft:cooked_beef":9,"minecraft:andesite":4,"minecraft:potato":1,"hexerei:witch_hazel_drying_rack":3,"minecraft:lapis_lazuli":19,"minecraft:dirt":378,"iceandfire:dragonscales_bronze":19,"minecraft:purple_carpet":5,"minecraft:bone":6,"hexerei:wax_blend":6,"minecraft:wheat_seeds":16,"minecraft:oak_planks":15,"hexerei:animal_fat":3,"botania:red_mystical_flower":1,"irons_spellbooks:frozen_bone":2,"minecraft:cooked_porkchop":8,"botania:yellow_double_flower":1,"blocky_siege:fire_bomb_0":3,"iceandfire:dragon_skull_fire":2,"vinery:white_grape":7,"minecraft:jungle_planks":4,"minecraft:sand":2,"sophisticatedbackpacks:iron_backpack":1,"minecraft:jungle_slab":16,"minecraft:dark_oak_log":2,"minecraft:bundle":1,"waystones:waystone":2,"minecraft:crossbow":2,"minecraft:granite":48,"minecraft:chainmail_helmet":1,"minecraft:bread":17,"minecraft:emerald":7,"alexsmobs:maggot":1,"minecraft:oak_sapling":19,"born_in_chaos_v1:rotten_fish":3,"iceandfire:dragon_skull_lightning":1,"sophisticatedbackpacks:gold_backpack":1,"blocky_siege:cannon":1,"born_in_chaos_v1:river_mint":9,"iceandfire:fire_lily":1,"minecraft:shield":1,"minecraft:cornflower":1,"minecraft:quartz_slab":2,"minecraft:candle":32,"minecraft:oak_boat":3,"minecraft:spruce_slab":3,"alexsmobs:cooked_lobster_tail":1,"minecraft:raw_iron":62,"minecraft:sandstone":35,"iceandfire:dragonbone":29,"minecraft:copper_ingot":7,"minecraft:bowl":1,"botania:mana_bottle":1,"minecraft:spruce_fence":7,"sophisticatedbackpacks:backpack":1,"minecraft:carrot":7,"minecraft:prismarine_crystals":13,"minecraft:purple_terracotta":1,"minecraft:dark_oak_planks":2,"hexerei:sage_seed":12,"minecraft:arrow":7,"minecraft:jungle_stairs":1,"vinery:white_grape_seeds":3,"minecraft:hay_block":51,"minecraft:gold_ingot":1,"minecraft:mutton":3,"born_in_chaos_v1:fused_bone":6,"born_in_chaos_v1:corpse_maggot":9,"minecraft:mud_bricks":2,"born_in_chaos_v1:monster_flesh":2,"minecraft:leather":8,"minecraft:filled_map":2,"minecraft:oak_log":90,"minecraft:chainmail_chestplate":1,"minecraft:yellow_bed":1,"hexerei:crow_blank_amulet":1,"minecraft:gunpowder":1,"tombstone:gift":1,"botania:light_blue_mystical_flower":1,"minecraft:apple":5,"minecraft:stone_bricks":1,"minecraft:kelp":17,"hexerei:pestle_and_mortar":1,"minecraft:iron_ingot":5,"minecraft:stone_pickaxe":1,"minecraft:cooked_chicken":2,"minecraft:iron_sword":4,"iceandfire:fire_dragon_flesh":3,"minecraft:dark_oak_stairs":3,"minecraft:purple_concrete":3,"iceandfire:copper_nugget":3,"minecraft:dark_oak_slab":2,"iceandfire:ash":2,"born_in_chaos_v1:ethereal_spirit":1,"minecraft:dandelion":3,"minecraft:amethyst_shard":13,"minecraft:white_bed":2,"minecraft:green_carpet":1,"iceandfire:dragonscales_copper":19,"minecraft:oak_wood":14,"hexerei:herb_jar":1,"minecraft:gray_wool":2,"minecraft:damaged_anvil":1,"minecraft:coal":68},"minecraft:killed":{"alexsmobs:lobster":2,"minecraft:witch":1,"minecraft:spider":2,"born_in_chaos_v1:siamese_skeletonsright":2,"born_in_chaos_v1:scarlet_persecutor":1,"minecraft:skeleton":4,"minecraft:chicken":2,"minecraft:pig":2,"minecraft:zombie_villager":1,"minecraft:iron_golem":1,"minecraft:pillager":7,"minecraft:zombie":7,"born_in_chaos_v1:corpse_fly":2,"goety:wraith":2,"alexsmobs:fly":1,"born_in_chaos_v1:siamese_skeletonsleft":2,"minecraft:cow":2,"born_in_chaos_v1:maggot":3,"born_in_chaos_v1:corpse_fish":1,"born_in_chaos_v1:siamese_skeletons":1,"born_in_chaos_v1:swarmer":1,"born_in_chaos_v1:bloody_gadfly":1},"minecraft:custom":{"minecraft:interact_with_crafting_table":33,"minecraft:open_barrel":29,"minecraft:leave_game":2,"minecraft:time_since_death":76742,"minecraft:sprint_one_cm":849010,"minecraft:damage_blocked_by_shield":1327,"minecraft:drop":234,"minecraft:talked_to_villager":8,"minecraft:play_time":411757,"minecraft:deaths":10,"minecraft:jump":8394,"minecraft:walk_on_water_one_cm":58030,"minecraft:interact_with_furnace":19,"minecraft:traded_with_villager":5,"minecraft:sleep_in_bed":8,"minecraft:waystone_activated":1,"minecraft:damage_dealt":9821,"minecraft:player_kills":3,"minecraft:crouch_one_cm":12687,"tombstone:undead_killed":20,"minecraft:inspect_dispenser":1,"minecraft:interact_with_anvil":2,"minecraft:mob_kills":59,"minecraft:damage_dealt_resisted":207,"minecraft:climb_one_cm":17366,"minecraft:walk_one_cm":612412,"minecraft:sneak_time":5972,"minecraft:walk_under_water_one_cm":53811,"minecraft:boat_one_cm":945230,"minecraft:total_world_time":411757,"spartanshields:shield_bash_hits":1,"tombstone:raider_killed":9,"minecraft:time_since_rest":76581,"minecraft:damage_taken":17343,"minecraft:damage_absorbed":46,"minecraft:swim_one_cm":105743,"minecraft:fly_one_cm":1611268,"minecraft:open_chest":96,"minecraft:fall_one_cm":281338},"minecraft:used":{"minecraft:iron_shovel":260,"minecraft:spruce_slab":2,"minecraft:chest":13,"minecraft:shield":46,"minecraft:iron_sword":172,"minecraft:jungle_planks":2,"minecraft:carrot":13,"vinery:jungle_grape_seeds_red":1,"vinery:taiga_grape_seeds_red":1,"minecraft:honey_bottle":2,"born_in_chaos_v1:corpse_maggot":2,"minecraft:mangrove_log":3,"minecraft:quartz_slab":2,"minecraft:stone_brick_stairs":1,"minecraft:stone_bricks":1,"minecraft:bow":2,"minecraft:oak_sapling":19,"minecraft:furnace":2,"minecraft:stone_pickaxe":127,"minecraft:oak_planks":167,"minecraft:wooden_pickaxe":59,"minecraft:sandstone":33,"minecraft:crossbow":1,"minecraft:purple_terracotta":1,"minecraft:bread":153,"iceandfire:dragon_skull_fire":2,"born_in_chaos_v1:river_mint":9,"minecraft:oak_boat":2,"minecraft:stone_sword":14,"minecraft:flint_and_steel":13,"minecraft:spruce_planks":2,"minecraft:stone_hoe":29,"minecraft:cooked_chicken":1,"minecraft:torch":17,"minecraft:dirt":354,"minecraft:oak_wood":7,"minecraft:granite":28,"alexsmobs:maggot":1,"minecraft:iron_axe":130,"minecraft:crimson_planks":9,"minecraft:purple_concrete":2,"tombstone:gift":5,"minecraft:cooked_beef":2,"hexerei:witch_hazel_drying_rack":1,"vinery:red_grape":3,"sophisticatedbackpacks:gold_backpack":1,"minecraft:water_bucket":43,"minecraft:cobblestone_stairs":14,"minecraft:birch_planks":6,"minecraft:tnt":4,"minecraft:crafting_table":8,"vinery:grapevine_lattice":25,"minecraft:white_bed":1,"minecraft:oak_log":9,"minecraft:diamond_pickaxe":1068,"minecraft:cornflower":1,"minecraft:apple":6,"minecraft:iron_pickaxe":113,"minecraft:jungle_stairs":1,"blocky_siege:cannon":1,"minecraft:stone_axe":85,"minecraft:green_carpet":1,"vinery:savanna_grape_seeds_red":1,"minecraft:cobblestone":395,"minecraft:bucket":42,"minecraft:yellow_bed":1,"alexsmobs:animal_dictionary":1,"vinery:apple_tree_sapling":1,"minecraft:dandelion":3,"vinery:taiga_grape_seeds_white":1},"minecraft:dropped":{"sophisticatedbackpacks:iron_backpack":1,"hexerei:wax_blend":6,"minecraft:iron_sword":4,"minecraft:birch_planks":1,"hexerei:cloth":1,"botania:red_mystical_flower":1,"minecraft:glass_bottle":1,"hexerei:waxing_kit":1,"hexerei:pestle_and_mortar":1,"minecraft:crossbow":1,"hexerei:crow_blank_amulet":2,"iceandfire:fire_dragon_flesh":1,"vinery:white_grape_seeds":3,"minecraft:leather":11,"minecraft:cod":1,"sophisticatedbackpacks:gold_backpack":1,"born_in_chaos_v1:monster_flesh":2,"minecraft:dirt":2,"blocky_siege:cannon_ball_0":3,"minecraft:mutton":3,"minecraft:gold_nugget":7,"minecraft:amethyst_shard":13,"iceandfire:ash":2,"minecraft:sand":2,"minecraft:iron_pickaxe":2,"minecraft:gold_ingot":1,"minecraft:bone":5,"vinery:red_grape_seeds":4,"minecraft:goat_horn":1,"minecraft:iron_nugget":6,"minecraft:cobbled_deepslate":8,"minecraft:wheat":2,"born_in_chaos_v1:ethereal_spirit":1,"minecraft:rotten_flesh":12,"minecraft:oak_planks":1,"iceandfire:fire_lily":1,"minecraft:blaze_powder":1,"alexsmobs:emu_egg":1,"minecraft:honey_bottle":1,"minecraft:white_bed":1,"minecraft:carrot":1,"minecraft:chainmail_chestplate":1,"supplementaries:ash":29,"iceandfire:chain":1,"minecraft:gunpowder":1,"born_in_chaos_v1:corpse_maggot":6,"minecraft:chest":1,"minecraft:iron_bars":2,"minecraft:acacia_fence":1,"iceandfire:manuscript":4,"tombstone:scroll_of_reach":1,"minecraft:iron_ingot":2,"minecraft:wheat_seeds":13,"minecraft:feather":2,"minecraft:iron_helmet":1,"minecraft:cobblestone":1,"minecraft:purple_concrete":1,"minecraft:granite":20,"minecraft:copper_ingot":7,"iceandfire:lightning_dragon_flesh":2,"minecraft:spruce_stairs":3,"hexerei:herb_jar":1,"minecraft:chainmail_helmet":1,"minecraft:stick":9,"minecraft:jungle_slab":16,"minecraft:gray_wool":2,"born_in_chaos_v1:black_argillite":3,"minecraft:torch":2,"alexsmobs:cooked_lobster_tail":1,"born_in_chaos_v1:fused_bone":6,"tombstone:grave_dust":9,"minecraft:potion":1,"minecraft:iron_leggings":3,"minecraft:oak_stairs":5,"minecraft:string":4,"iceandfire:dragonbone":21,"hexerei:animal_fat":2,"minecraft:kelp":17,"hexerei:sage_seed":6,"hexerei:witch_hazel_drying_rack":2,"minecraft:stone_sword":1,"botania:yellow_double_flower":1,"minecraft:raw_copper":15,"minecraft:bowl":1,"born_in_chaos_v1:rotten_fish":3,"minecraft:spruce_fence":7,"minecraft:flint_and_steel":1,"minecraft:filled_map":3,"minecraft:potato":1,"minecraft:bundle":1,"minecraft:spruce_planks":2,"minecraft:andesite":4,"minecraft:oak_boat":1,"botania:mana_bottle":1,"minecraft:sandstone":2,"minecraft:stone_pickaxe":3,"iceandfire:dragon_skull_lightning":1},"minecraft:mined":{"minecraft:dark_oak_planks":2,"minecraft:spruce_planks":5,"minecraft:white_bed":2,"minecraft:black_terracotta":4,"botania:red_mystical_flower":1,"minecraft:granite":48,"minecraft:grass_block":259,"minecraft:acacia_log":1,"minecraft:mud_bricks":2,"vinery:apple_log":7,"minecraft:spawner":4,"minecraft:iron_ore":61,"minecraft:fire":15,"minecraft:deepslate_lapis_ore":2,"iceandfire:gold_pile":25,"minecraft:iron_bars":2,"minecraft:quartz_slab":1,"minecraft:green_carpet":1,"vinery:grapevine_lattice":2,"botania:light_blue_mystical_flower":1,"minecraft:spruce_slab":3,"minecraft:gray_terracotta":1,"hexerei:witch_hazel_drying_rack":1,"minecraft:powder_snow":3,"minecraft:jungle_stairs":1,"minecraft:melon":5,"minecraft:cobblestone":44,"minecraft:oak_planks":3,"minecraft:damaged_anvil":1,"minecraft:wall_torch":1,"vinery:white_grape_bush":4,"minecraft:dark_oak_slab":1,"minecraft:wheat":1,"born_in_chaos_v1:river_mint":8,"celestisynth:lunar_stone":66,"minecraft:stone_brick_stairs":1,"minecraft:grass":74,"blocky_siege:fire_bomb_2":1,"minecraft:oak_log":93,"minecraft:sand":1,"minecraft:dirt":117,"minecraft:crimson_planks":10,"minecraft:mangrove_log":3,"vinery:apple_leaves":11,"minecraft:oak_leaves":64,"minecraft:deepslate":30,"iceandfire:silver_ore":1,"minecraft:candle":13,"minecraft:dark_oak_log":2,"minecraft:sea_lantern":7,"minecraft:purple_terracotta":1,"minecraft:spruce_fence":10,"minecraft:jungle_planks":4,"born_in_chaos_v1:black_argillite":3,"minecraft:sandstone":28,"minecraft:hay_block":52,"minecraft:furnace":1,"minecraft:carrots":2,"minecraft:andesite":4,"minecraft:potatoes":1,"minecraft:deepslate_iron_ore":1,"minecraft:stone":922,"minecraft:potted_allium":1,"hexerei:willow_vines":1,"minecraft:acacia_leaves":1,"minecraft:smooth_sandstone":1,"minecraft:cornflower":2,"botania:yellow_double_flower":1,"minecraft:oak_wood":14,"minecraft:tall_grass":6,"minecraft:copper_ore":4,"minecraft:lapis_ore":1,"minecraft:diorite":4,"supplementaries:urn":7,"minecraft:birch_leaves":1,"minecraft:purple_concrete":3,"minecraft:mangrove_leaves":15,"minecraft:yellow_bed":1,"minecraft:muddy_mangrove_roots":1,"minecraft:coal_ore":68,"hexerei:willow_vines_plant":1,"minecraft:stone_bricks":1}},"DataVersion":3120}