{"stats":{"minecraft:crafted":{"minecraft:oak_planks":60,"minecraft:crafting_table":2,"minecraft:wooden_pickaxe":1,"minecraft:stone_axe":1,"minecraft:bread":84,"minecraft:stick":8,"minecraft:stone_pickaxe":1,"minecraft:wheat":252},"minecraft:dropped":{"tombstone:scroll_of_reach":1,"minecraft:iron_ingot":2,"minecraft:kelp":17,"hexerei:sage_seed":2,"minecraft:wheat_seeds":2,"botania:red_mystical_flower":1,"minecraft:bowl":1,"minecraft:glass_bottle":1,"born_in_chaos_v1:rotten_fish":1,"minecraft:iron_helmet":1,"minecraft:oak_planks":1,"minecraft:honey_bottle":1,"minecraft:spruce_fence":7,"minecraft:spruce_stairs":3,"minecraft:filled_map":1,"minecraft:jungle_slab":16,"minecraft:dirt":1,"born_in_chaos_v1:corpse_maggot":1,"tombstone:grave_dust":1,"vinery:red_grape_seeds":1},"minecraft:broken":{"minecraft:wooden_pickaxe":1},"minecraft:killed":{"minecraft:iron_golem":1,"minecraft:pillager":7,"born_in_chaos_v1:corpse_fish":1},"minecraft:custom":{"minecraft:mob_kills":10,"tombstone:raider_killed":7,"minecraft:interact_with_crafting_table":4,"minecraft:open_barrel":25,"minecraft:leave_game":1,"minecraft:time_since_death":33539,"minecraft:sleep_in_bed":1,"minecraft:climb_one_cm":424,"minecraft:time_since_rest":29433,"minecraft:sprint_one_cm":93805,"minecraft:damage_taken":2295,"minecraft:walk_one_cm":98475,"minecraft:drop":39,"minecraft:damage_dealt":1215,"minecraft:swim_one_cm":53784,"minecraft:talked_to_villager":2,"minecraft:player_kills":1,"minecraft:fly_one_cm":156704,"minecraft:open_chest":23,"minecraft:crouch_one_cm":2328,"minecraft:play_time":65357,"minecraft:deaths":1,"minecraft:sneak_time":1441,"minecraft:walk_under_water_one_cm":8213,"minecraft:boat_one_cm":193652,"minecraft:jump":885,"minecraft:walk_on_water_one_cm":13238,"minecraft:total_world_time":65357,"minecraft:fall_one_cm":21907,"minecraft:inspect_dispenser":1},"minecraft:picked_up":{"born_in_chaos_v1:corpse_maggot":1,"vinery:red_grape":3,"blocky_siege:cannon":1,"minecraft:oak_log":15,"minecraft:crimson_planks":9,"minecraft:dirt":2,"minecraft:quartz_slab":2,"minecraft:kelp":17,"minecraft:wheat_seeds":2,"minecraft:spruce_planks":2,"minecraft:iron_ingot":5,"minecraft:oak_boat":1,"minecraft:spruce_slab":3,"minecraft:oak_planks":4,"minecraft:dark_oak_stairs":3,"botania:red_mystical_flower":1,"blocky_siege:fire_bomb_0":3,"minecraft:bowl":1,"minecraft:dandelion":3,"minecraft:spruce_stairs":6,"minecraft:spruce_fence":7,"minecraft:jungle_planks":4,"minecraft:dark_oak_log":2,"minecraft:jungle_slab":16,"minecraft:purple_terracotta":1,"minecraft:dark_oak_planks":2,"hexerei:sage_seed":2,"minecraft:jungle_stairs":1,"minecraft:hay_block":28,"minecraft:cod":1,"born_in_chaos_v1:rotten_fish":2,"minecraft:coal":21,"minecraft:cobblestone":40},"minecraft:mined":{"minecraft:dark_oak_planks":2,"minecraft:spruce_planks":2,"botania:red_mystical_flower":1,"minecraft:dark_oak_log":2,"minecraft:powder_snow":3,"minecraft:jungle_stairs":1,"minecraft:purple_terracotta":1,"minecraft:grass_block":1,"minecraft:spruce_fence":10,"minecraft:jungle_planks":4,"minecraft:tall_grass":2,"minecraft:oak_planks":3,"minecraft:spawner":1,"minecraft:hay_block":28,"minecraft:fire":15,"blocky_siege:fire_bomb_2":1,"minecraft:grass":8,"minecraft:coal_ore":21,"minecraft:oak_log":15,"minecraft:quartz_slab":1,"minecraft:crimson_planks":10,"minecraft:stone":41,"minecraft:oak_leaves":1,"minecraft:spruce_slab":3},"minecraft:killed_by":{"minecraft:iron_golem":1},"minecraft:used":{"minecraft:flint_and_steel":10,"minecraft:spruce_slab":2,"minecraft:stone_pickaxe":7,"minecraft:oak_planks":35,"minecraft:spruce_planks":2,"minecraft:wooden_pickaxe":59,"minecraft:iron_sword":19,"minecraft:tnt":4,"minecraft:crafting_table":2,"minecraft:jungle_planks":2,"minecraft:purple_terracotta":1,"minecraft:honey_bottle":2,"minecraft:apple":6,"minecraft:quartz_slab":2,"minecraft:bread":20,"minecraft:jungle_stairs":1,"blocky_siege:cannon":1,"minecraft:crimson_planks":9,"minecraft:stone_axe":50,"tombstone:gift":2,"minecraft:oak_boat":1,"alexsmobs:animal_dictionary":1,"minecraft:dandelion":3,"vinery:red_grape":3}},"DataVersion":3120}