{"stats":{"minecraft:picked_up":{"minecraft:crafting_table":1,"botania:yellow_double_flower":1,"minecraft:oak_log":11,"minecraft:lapis_lazuli":23,"minecraft:dirt":12,"botania:green_mystical_flower":1,"minecraft:coal":12,"minecraft:cobblestone":134},"minecraft:broken":{"minecraft:stone_pickaxe":1},"minecraft:mined":{"botania:green_mystical_flower":1,"minecraft:crafting_table":1,"botania:yellow_double_flower":1,"minecraft:grass":1,"minecraft:coal_ore":12,"minecraft:grass_block":3,"minecraft:oak_log":11,"minecraft:dirt":9,"minecraft:lapis_ore":4,"minecraft:stone":141,"minecraft:oak_leaves":1},"minecraft:custom":{"minecraft:time_since_rest":17775,"minecraft:interact_with_furnace":3,"minecraft:sprint_one_cm":9811,"minecraft:walk_one_cm":14839,"minecraft:interact_with_crafting_table":4,"minecraft:fly_one_cm":24439,"minecraft:crouch_one_cm":3,"minecraft:play_time":17775,"minecraft:sneak_time":7,"minecraft:jump":159,"minecraft:leave_game":8,"minecraft:time_since_death":17775,"minecraft:total_world_time":17775,"minecraft:fall_one_cm":3847},"minecraft:used":{"minecraft:stone_pickaxe":145,"minecraft:wooden_pickaxe":13,"minecraft:torch":6,"minecraft:stone_axe":7,"minecraft:dirt":1,"minecraft:crafting_table":2,"minecraft:furnace":1},"minecraft:crafted":{"minecraft:oak_planks":24,"minecraft:charcoal":3,"minecraft:crafting_table":1,"minecraft:stick":28,"minecraft:wooden_pickaxe":1,"minecraft:stone_pickaxe":3,"minecraft:furnace":1,"minecraft:torch":52,"minecraft:stone_axe":1,"minecraft:air":0}},"DataVersion":3120}