{"stats":{"minecraft:picked_up":{"born_in_chaos_v1:corpse_maggot":1,"minecraft:crafting_table":3,"minecraft:feather":6,"minecraft:chicken":8,"minecraft:andesite":5,"minecraft:leather":6,"iceandfire:chain":1,"minecraft:oak_log":10,"minecraft:yellow_bed":3,"botania:light_blue_double_flower":2,"minecraft:cornflower":20,"minecraft:dirt":51,"tombstone:gift":1,"minecraft:raw_copper":29,"botania:light_blue_mystical_flower":6,"minecraft:bone":2,"minecraft:blue_orchid":10,"botania:cyan_mystical_flower":6,"minecraft:apple":1,"minecraft:bow":1,"minecraft:wheat_seeds":17,"minecraft:beef":6,"minecraft:iron_pickaxe":1,"minecraft:oak_planks":4,"alexsmobs:cooked_lobster_tail":1,"minecraft:egg":4,"minecraft:furnace":5,"hexerei:animal_fat":7,"minecraft:raw_iron":1,"minecraft:torch":2,"minecraft:dandelion":2,"iceandfire:silver_ore":1,"minecraft:porkchop":17,"tombstone:grave_dust":2,"minecraft:diorite":1,"minecraft:carrot":10,"minecraft:spider_eye":1,"minecraft:bundle":1,"hexerei:sage_seed":16,"minecraft:stone_sword":1,"minecraft:arrow":2,"minecraft:purple_bed":1,"minecraft:rotten_flesh":6,"minecraft:emerald":6,"supplementaries:ash":1,"minecraft:mutton":3,"minecraft:coal":64,"minecraft:white_wool":2,"minecraft:cobblestone":56},"minecraft:broken":{"minecraft:stone_pickaxe":1,"minecraft:wooden_pickaxe":1},"minecraft:mined":{"iceandfire:silver_ore":1,"minecraft:dandelion":3,"minecraft:crafting_table":3,"minecraft:cornflower":17,"minecraft:torch":1,"minecraft:emerald_ore":5,"minecraft:grass_block":21,"minecraft:tall_grass":11,"minecraft:copper_ore":9,"minecraft:cobblestone":4,"minecraft:oak_planks":4,"minecraft:diorite":1,"minecraft:wall_torch":1,"botania:cyan_mystical_flower":6,"minecraft:furnace":4,"minecraft:carrots":3,"minecraft:iron_ore":1,"minecraft:birch_leaves":1,"minecraft:andesite":5,"minecraft:yellow_bed":2,"minecraft:grass":98,"minecraft:coal_ore":66,"minecraft:oak_log":10,"minecraft:dirt":21,"vinery:apple_leaves":1,"minecraft:stone":52,"botania:light_blue_double_flower":2,"botania:light_blue_mystical_flower":6,"minecraft:oak_leaves":6},"minecraft:custom":{"minecraft:interact_with_furnace":37,"minecraft:mob_kills":25,"minecraft:interact_with_crafting_table":12,"minecraft:open_barrel":3,"minecraft:damage_dealt_resisted":93,"minecraft:leave_game":3,"minecraft:time_since_death":18052,"minecraft:sleep_in_bed":3,"minecraft:climb_one_cm":1392,"minecraft:time_since_rest":15653,"minecraft:waystone_activated":1,"minecraft:sprint_one_cm":431306,"minecraft:damage_taken":6570,"minecraft:walk_one_cm":478506,"tombstone:sneak_grave":1,"minecraft:drop":17,"minecraft:damage_dealt":2307,"minecraft:talked_to_villager":1,"minecraft:swim_one_cm":92283,"minecraft:fly_one_cm":1127046,"minecraft:open_chest":17,"minecraft:crouch_one_cm":1575,"minecraft:play_time":169281,"tombstone:undead_killed":2,"minecraft:deaths":7,"minecraft:sneak_time":963,"minecraft:walk_under_water_one_cm":16803,"tombstone:tomb_raiding":1,"minecraft:jump":3212,"minecraft:walk_on_water_one_cm":20840,"minecraft:total_world_time":169281,"minecraft:fall_one_cm":102562},"minecraft:used":{"minecraft:cooked_mutton":2,"minecraft:stone_pickaxe":124,"minecraft:baked_potato":1,"minecraft:wooden_pickaxe":50,"minecraft:iron_sword":3,"minecraft:cooked_chicken":8,"minecraft:torch":5,"minecraft:dirt":38,"iceandfire:copper_sword":154,"minecraft:crafting_table":4,"minecraft:carrot":19,"minecraft:crossbow":2,"minecraft:apple":1,"minecraft:iron_pickaxe":36,"iceandfire:copper_pickaxe":6,"minecraft:cobblestone":37,"minecraft:bow":4,"supplementaries:ash":1,"minecraft:cooked_porkchop":15,"minecraft:furnace":5,"minecraft:porkchop":1,"minecraft:cooked_beef":6,"tombstone:gift":4,"minecraft:yellow_bed":1,"minecraft:egg":3,"alexsmobs:animal_dictionary":1,"minecraft:potato":5},"minecraft:killed":{"minecraft:pig":9,"minecraft:zombie_villager":1,"born_in_chaos_v1:maggot":1,"minecraft:sheep":1,"iceandfire:ghost":1,"minecraft:chicken":8,"minecraft:cow":3},"minecraft:dropped":{"hexerei:animal_fat":7,"hexerei:sage_seed":5,"minecraft:cobblestone":1,"minecraft:rotten_flesh":6,"minecraft:oak_planks":9,"minecraft:emerald":1,"sophisticatedbackpacks:gold_backpack":1,"minecraft:diorite":1,"minecraft:yellow_bed":1,"born_in_chaos_v1:corpse_maggot":1,"tombstone:grave_dust":2,"minecraft:spider_eye":1,"minecraft:bow":1,"minecraft:dandelion":2},"minecraft:crafted":{"minecraft:cooked_beef":6,"minecraft:oak_planks":16,"iceandfire:silver_ingot":1,"minecraft:cooked_porkchop":16,"minecraft:crafting_table":2,"minecraft:baked_potato":20,"minecraft:wooden_pickaxe":1,"minecraft:cooked_chicken":8,"minecraft:furnace":1,"iceandfire:armor_copper_metal_leggings":1,"minecraft:copper_ingot":29,"iceandfire:copper_sword":1,"minecraft:bread":12,"iceandfire:armor_copper_metal_boots":1,"minecraft:cooked_mutton":2,"minecraft:air":0,"iceandfire:armor_copper_metal_helmet":1,"minecraft:stick":8,"minecraft:iron_ingot":1,"iceandfire:armor_copper_metal_chestplate":1,"minecraft:stone_pickaxe":1,"iceandfire:copper_pickaxe":1,"minecraft:torch":72},"minecraft:killed_by":{"minecraft:husk":1,"majruszsdifficulty:creeperling":1,"born_in_chaos_v1:zombie_lumberjack":1,"iceandfire:ghost":2,"iceandfire:fire_dragon":2}},"DataVersion":3120}