{"stats":{"minecraft:broken":{"minecraft:wooden_pickaxe":1,"minecraft:stone_pickaxe":1,"minecraft:iron_pickaxe":1},"minecraft:picked_up":{"minecraft:crafting_table":5,"minecraft:wheat":1,"minecraft:chicken":8,"iceandfire:chain":1,"botania:light_blue_double_flower":2,"minecraft:cornflower":20,"minecraft:raw_copper":43,"minecraft:blue_orchid":10,"minecraft:sea_pickle":1,"minecraft:beef":6,"minecraft:iron_pickaxe":1,"minecraft:spruce_slab":3,"minecraft:spruce_trapdoor":1,"alexsmobs:cooked_lobster_tail":1,"minecraft:furnace":6,"minecraft:egg":4,"minecraft:raw_iron":12,"minecraft:torch":4,"iceandfire:silver_ore":1,"minecraft:porkchop":17,"tombstone:grave_dust":2,"minecraft:diorite":22,"minecraft:carrot":104,"minecraft:waxed_cut_copper_stairs":1,"hexerei:sage_seed":22,"minecraft:stone_sword":1,"minecraft:arrow":2,"minecraft:rotten_flesh":6,"supplementaries:ash":1,"minecraft:mutton":3,"minecraft:white_wool":2,"minecraft:cobblestone":177,"born_in_chaos_v1:corpse_maggot":1,"minecraft:feather":6,"eidolon:raw_silver":1,"minecraft:andesite":22,"minecraft:leather":6,"minecraft:oak_log":10,"minecraft:yellow_bed":3,"minecraft:lapis_lazuli":48,"minecraft:dirt":55,"tombstone:gift":1,"botania:light_blue_mystical_flower":6,"minecraft:bone":2,"botania:cyan_mystical_flower":6,"minecraft:apple":1,"minecraft:bow":1,"minecraft:wheat_seeds":18,"minecraft:oak_planks":4,"hexerei:animal_fat":7,"iceandfire:chared_stone":2,"minecraft:dandelion":2,"hexerei:sage":5,"minecraft:spider_eye":2,"iceandfire:chared_cobblestone":1,"minecraft:bundle":1,"minecraft:purple_bed":1,"minecraft:granite":4,"minecraft:emerald":6,"epicsamurai:ruby":1,"minecraft:coal":79},"minecraft:mined":{"iceandfire:silver_ore":1,"minecraft:granite":4,"eidolon:silver_ore":1,"minecraft:grass_block":21,"minecraft:furnace":5,"minecraft:carrots":27,"minecraft:iron_ore":12,"minecraft:fire":5,"minecraft:andesite":22,"botania:light_blue_double_flower":2,"minecraft:stone":174,"botania:light_blue_mystical_flower":6,"iceandfire:chared_cobblestone":3,"minecraft:dandelion":3,"minecraft:cornflower":17,"minecraft:crafting_table":5,"minecraft:torch":1,"minecraft:emerald_ore":5,"minecraft:copper_ore":13,"minecraft:tall_grass":11,"minecraft:cobblestone":5,"minecraft:lapis_ore":8,"minecraft:oak_planks":4,"minecraft:diorite":22,"minecraft:wall_torch":4,"botania:cyan_mystical_flower":6,"minecraft:wheat":1,"minecraft:birch_leaves":1,"minecraft:yellow_bed":2,"minecraft:grass":99,"minecraft:oak_log":10,"minecraft:coal_ore":82,"minecraft:dirt":25,"vinery:apple_leaves":1,"hexerei:sage_crop":2,"minecraft:oak_leaves":6,"epicsamurai:ruby_ore":1,"iceandfire:chared_stone":6},"minecraft:custom":{"minecraft:mob_kills":26,"minecraft:interact_with_crafting_table":20,"minecraft:open_barrel":5,"minecraft:damage_dealt_resisted":93,"minecraft:leave_game":3,"minecraft:time_since_death":5805,"minecraft:climb_one_cm":2697,"minecraft:sprint_one_cm":513492,"minecraft:walk_one_cm":516738,"minecraft:drop":25,"minecraft:talked_to_villager":1,"minecraft:play_time":205281,"minecraft:deaths":8,"minecraft:sneak_time":2635,"minecraft:walk_under_water_one_cm":18883,"tombstone:tomb_raiding":1,"minecraft:jump":3723,"minecraft:total_world_time":205281,"minecraft:walk_on_water_one_cm":27021,"minecraft:interact_with_furnace":43,"minecraft:sleep_in_bed":3,"minecraft:time_since_rest":4207,"minecraft:waystone_activated":1,"minecraft:damage_taken":7296,"tombstone:sneak_grave":1,"minecraft:damage_dealt":2557,"minecraft:swim_one_cm":104708,"minecraft:fly_one_cm":1223862,"minecraft:open_chest":24,"minecraft:crouch_one_cm":5344,"tombstone:undead_killed":2,"minecraft:fall_one_cm":117195},"minecraft:used":{"minecraft:chest":1,"minecraft:iron_sword":9,"minecraft:cooked_chicken":8,"minecraft:torch":24,"minecraft:dirt":38,"iceandfire:copper_sword":154,"minecraft:carrot":52,"iceandfire:copper_pickaxe":6,"minecraft:bow":4,"supplementaries:ash":1,"minecraft:furnace":6,"tombstone:gift":4,"minecraft:egg":3,"minecraft:cooked_beef":6,"minecraft:potato":5,"minecraft:wheat_seeds":1,"minecraft:cooked_mutton":2,"minecraft:diorite":9,"minecraft:stone_pickaxe":144,"minecraft:baked_potato":6,"minecraft:wooden_pickaxe":50,"minecraft:crafting_table":6,"minecraft:crossbow":2,"minecraft:apple":1,"hexerei:sage_seed":2,"minecraft:bread":1,"minecraft:iron_pickaxe":241,"minecraft:cobblestone":121,"minecraft:porkchop":1,"minecraft:cooked_porkchop":15,"minecraft:andesite":1,"minecraft:yellow_bed":1,"alexsmobs:animal_dictionary":1,"minecraft:bone_meal":58},"minecraft:killed":{"born_in_chaos_v1:maggot":1,"minecraft:chicken":8,"born_in_chaos_v1:corpse_fish":1,"minecraft:pig":9,"minecraft:zombie_villager":1,"minecraft:sheep":1,"iceandfire:ghost":1,"minecraft:cow":3},"minecraft:dropped":{"minecraft:baked_potato":14,"minecraft:cobblestone":1,"sophisticatedbackpacks:gold_backpack":1,"minecraft:emerald":1,"minecraft:diorite":1,"tombstone:grave_dust":2,"hexerei:sage":5,"minecraft:dandelion":2,"hexerei:animal_fat":7,"hexerei:sage_seed":9,"minecraft:rotten_flesh":6,"minecraft:oak_planks":9,"minecraft:carrot":3,"minecraft:sea_pickle":1,"minecraft:spruce_trapdoor":1,"born_in_chaos_v1:corpse_maggot":1,"minecraft:yellow_bed":1,"minecraft:spider_eye":2,"minecraft:spruce_slab":3,"minecraft:bow":1},"minecraft:crafted":{"minecraft:oak_planks":40,"minecraft:cooked_chicken":8,"minecraft:furnace":1,"iceandfire:armor_copper_metal_leggings":1,"minecraft:bone_meal":60,"minecraft:cooked_mutton":2,"iceandfire:armor_copper_metal_helmet":1,"iceandfire:armor_copper_metal_boots":1,"minecraft:stone_pickaxe":2,"iceandfire:armor_copper_metal_chestplate":1,"minecraft:chest":1,"iceandfire:copper_pickaxe":1,"minecraft:cooked_beef":6,"minecraft:cooked_porkchop":16,"iceandfire:silver_ingot":1,"minecraft:crafting_table":3,"minecraft:wooden_pickaxe":1,"minecraft:baked_potato":20,"minecraft:copper_ingot":29,"iceandfire:copper_sword":1,"minecraft:bread":12,"minecraft:air":0,"minecraft:shield":1,"minecraft:stick":8,"minecraft:iron_ingot":12,"minecraft:iron_pickaxe":1,"minecraft:torch":72},"minecraft:killed_by":{"minecraft:husk":1,"born_in_chaos_v1:zombie_lumberjack":1,"majruszsdifficulty:creeperling":1,"iceandfire:ghost":2,"iceandfire:fire_dragon":3}},"DataVersion":3120}