{"stats":{"minecraft:dropped":{"hexerei:animal_fat":7,"minecraft:rotten_flesh":6,"sophisticatedbackpacks:gold_backpack":1,"minecraft:diorite":1,"born_in_chaos_v1:corpse_maggot":1,"tombstone:grave_dust":2,"minecraft:spider_eye":1,"minecraft:dandelion":2},"minecraft:crafted":{"minecraft:cooked_beef":6,"minecraft:oak_planks":16,"iceandfire:silver_ingot":1,"minecraft:cooked_porkchop":16,"minecraft:crafting_table":2,"minecraft:wooden_pickaxe":1,"minecraft:cooked_chicken":4,"minecraft:furnace":1,"iceandfire:armor_copper_metal_leggings":1,"minecraft:copper_ingot":29,"iceandfire:copper_sword":1,"iceandfire:armor_copper_metal_helmet":1,"minecraft:cooked_mutton":2,"minecraft:air":0,"iceandfire:armor_copper_metal_boots":1,"minecraft:stick":8,"minecraft:iron_ingot":1,"minecraft:stone_pickaxe":1,"iceandfire:armor_copper_metal_chestplate":1,"iceandfire:copper_pickaxe":1},"minecraft:killed":{"minecraft:pig":9,"minecraft:zombie_villager":1,"born_in_chaos_v1:maggot":1,"minecraft:chicken":5,"minecraft:cow":3},"minecraft:broken":{"minecraft:stone_pickaxe":1,"minecraft:wooden_pickaxe":1},"minecraft:custom":{"minecraft:interact_with_furnace":28,"minecraft:mob_kills":21,"minecraft:interact_with_crafting_table":9,"minecraft:time_since_death":19702,"minecraft:sleep_in_bed":1,"minecraft:time_since_rest":14517,"minecraft:sprint_one_cm":170088,"minecraft:damage_taken":3487,"minecraft:walk_one_cm":145660,"tombstone:sneak_grave":1,"minecraft:drop":11,"minecraft:damage_dealt":1972,"minecraft:swim_one_cm":11062,"minecraft:fly_one_cm":435565,"minecraft:open_chest":1,"minecraft:crouch_one_cm":510,"minecraft:play_time":75464,"tombstone:undead_killed":1,"minecraft:deaths":3,"minecraft:sneak_time":299,"minecraft:walk_under_water_one_cm":2713,"tombstone:tomb_raiding":1,"minecraft:jump":1634,"minecraft:walk_on_water_one_cm":5787,"minecraft:total_world_time":75464,"minecraft:fall_one_cm":50427},"minecraft:mined":{"iceandfire:silver_ore":1,"minecraft:dandelion":3,"minecraft:cornflower":13,"minecraft:crafting_table":3,"minecraft:emerald_ore":5,"minecraft:grass_block":13,"minecraft:tall_grass":8,"minecraft:copper_ore":9,"minecraft:cobblestone":4,"minecraft:oak_planks":4,"minecraft:diorite":1,"botania:cyan_mystical_flower":3,"minecraft:furnace":2,"minecraft:carrots":3,"minecraft:iron_ore":1,"minecraft:birch_leaves":1,"minecraft:andesite":5,"minecraft:yellow_bed":1,"minecraft:grass":79,"minecraft:oak_log":10,"minecraft:coal_ore":66,"minecraft:dirt":18,"botania:light_blue_double_flower":2,"minecraft:stone":52,"botania:light_blue_mystical_flower":6,"minecraft:oak_leaves":6},"minecraft:picked_up":{"born_in_chaos_v1:corpse_maggot":1,"minecraft:crafting_table":3,"minecraft:feather":4,"minecraft:chicken":5,"minecraft:andesite":5,"minecraft:leather":6,"minecraft:oak_log":10,"minecraft:yellow_bed":1,"botania:light_blue_double_flower":2,"minecraft:cornflower":15,"minecraft:dirt":40,"tombstone:gift":1,"minecraft:raw_copper":29,"botania:light_blue_mystical_flower":6,"minecraft:bone":2,"botania:cyan_mystical_flower":3,"minecraft:apple":1,"minecraft:wheat_seeds":16,"minecraft:beef":6,"minecraft:iron_pickaxe":1,"alexsmobs:cooked_lobster_tail":1,"minecraft:oak_planks":4,"minecraft:egg":4,"minecraft:furnace":3,"hexerei:animal_fat":7,"minecraft:raw_iron":1,"minecraft:dandelion":2,"iceandfire:silver_ore":1,"minecraft:porkchop":17,"tombstone:grave_dust":1,"minecraft:diorite":1,"minecraft:carrot":10,"minecraft:spider_eye":1,"minecraft:bundle":1,"hexerei:sage_seed":12,"minecraft:arrow":2,"minecraft:rotten_flesh":6,"minecraft:emerald":5,"supplementaries:ash":1,"minecraft:mutton":2,"minecraft:coal":64,"minecraft:white_wool":1,"minecraft:cobblestone":55},"minecraft:killed_by":{"minecraft:husk":1,"majruszsdifficulty:creeperling":1,"born_in_chaos_v1:zombie_lumberjack":1},"minecraft:used":{"minecraft:cooked_mutton":2,"minecraft:stone_pickaxe":124,"minecraft:wooden_pickaxe":50,"minecraft:cooked_chicken":3,"minecraft:dirt":28,"minecraft:crafting_table":3,"iceandfire:copper_sword":131,"minecraft:iron_pickaxe":34,"iceandfire:copper_pickaxe":6,"minecraft:cobblestone":23,"supplementaries:ash":1,"minecraft:porkchop":1,"minecraft:furnace":3,"minecraft:cooked_porkchop":11,"tombstone:gift":4,"alexsmobs:animal_dictionary":1,"minecraft:egg":3,"minecraft:cooked_beef":6}},"DataVersion":3120}