{"stats":{"minecraft:crafted":{"minecraft:cooked_beef":6,"minecraft:oak_planks":16,"iceandfire:silver_ingot":1,"minecraft:cooked_porkchop":16,"minecraft:crafting_table":2,"minecraft:wooden_pickaxe":1,"minecraft:cooked_chicken":4,"minecraft:furnace":1,"iceandfire:armor_copper_metal_leggings":1,"minecraft:copper_ingot":29,"iceandfire:copper_sword":1,"iceandfire:armor_copper_metal_helmet":1,"minecraft:cooked_mutton":2,"minecraft:air":0,"iceandfire:armor_copper_metal_boots":1,"minecraft:stick":8,"minecraft:iron_ingot":1,"minecraft:stone_pickaxe":1,"iceandfire:armor_copper_metal_chestplate":1,"iceandfire:copper_pickaxe":1},"minecraft:killed":{"minecraft:pig":9,"minecraft:chicken":4,"minecraft:cow":3},"minecraft:broken":{"minecraft:stone_pickaxe":1,"minecraft:wooden_pickaxe":1},"minecraft:custom":{"minecraft:interact_with_furnace":28,"minecraft:mob_kills":17,"minecraft:interact_with_crafting_table":9,"minecraft:time_since_death":11625,"minecraft:time_since_rest":11401,"minecraft:sprint_one_cm":95946,"minecraft:damage_taken":1989,"minecraft:walk_one_cm":41743,"minecraft:damage_dealt":1403,"minecraft:fly_one_cm":213823,"minecraft:open_chest":1,"minecraft:crouch_one_cm":103,"minecraft:play_time":51464,"minecraft:deaths":2,"minecraft:sneak_time":60,"minecraft:jump":817,"minecraft:walk_on_water_one_cm":2559,"minecraft:total_world_time":51464,"minecraft:fall_one_cm":22197},"minecraft:mined":{"iceandfire:silver_ore":1,"minecraft:dandelion":3,"minecraft:crafting_table":3,"minecraft:grass_block":13,"minecraft:tall_grass":8,"minecraft:copper_ore":9,"minecraft:cobblestone":4,"minecraft:oak_planks":4,"minecraft:diorite":1,"minecraft:furnace":2,"minecraft:iron_ore":1,"minecraft:andesite":5,"minecraft:grass":65,"minecraft:oak_log":4,"minecraft:coal_ore":61,"minecraft:dirt":18,"minecraft:stone":36,"minecraft:oak_leaves":1},"minecraft:picked_up":{"minecraft:crafting_table":3,"minecraft:feather":2,"minecraft:chicken":4,"minecraft:andesite":5,"minecraft:leather":6,"minecraft:oak_log":4,"minecraft:dirt":38,"minecraft:raw_copper":29,"minecraft:bone":2,"minecraft:wheat_seeds":12,"minecraft:beef":6,"alexsmobs:cooked_lobster_tail":1,"minecraft:oak_planks":4,"minecraft:egg":3,"minecraft:furnace":3,"hexerei:animal_fat":7,"minecraft:raw_iron":1,"minecraft:dandelion":2,"iceandfire:silver_ore":1,"minecraft:porkchop":17,"minecraft:diorite":1,"hexerei:sage_seed":10,"minecraft:arrow":2,"supplementaries:ash":1,"minecraft:mutton":2,"minecraft:coal":61,"minecraft:white_wool":1,"minecraft:cobblestone":39},"minecraft:killed_by":{"minecraft:husk":1,"majruszsdifficulty:creeperling":1},"minecraft:used":{"minecraft:cooked_mutton":2,"minecraft:stone_pickaxe":124,"minecraft:wooden_pickaxe":50,"minecraft:cooked_chicken":3,"minecraft:dirt":19,"minecraft:crafting_table":3,"iceandfire:copper_sword":106,"iceandfire:copper_pickaxe":6,"minecraft:cobblestone":23,"supplementaries:ash":1,"minecraft:porkchop":1,"minecraft:furnace":3,"minecraft:cooked_porkchop":7,"tombstone:gift":2,"alexsmobs:animal_dictionary":1,"minecraft:egg":3}},"DataVersion":3120}