{"stats":{"minecraft:broken":{"minecraft:wooden_pickaxe":1,"minecraft:stone_pickaxe":1},"minecraft:picked_up":{"minecraft:crafting_table":3,"minecraft:chicken":8,"iceandfire:chain":1,"botania:light_blue_double_flower":2,"minecraft:cornflower":20,"minecraft:raw_copper":40,"minecraft:blue_orchid":10,"minecraft:beef":6,"minecraft:iron_pickaxe":1,"alexsmobs:cooked_lobster_tail":1,"minecraft:furnace":5,"minecraft:egg":4,"minecraft:raw_iron":1,"minecraft:torch":4,"iceandfire:silver_ore":1,"minecraft:porkchop":17,"tombstone:grave_dust":2,"minecraft:diorite":10,"minecraft:carrot":16,"hexerei:sage_seed":16,"minecraft:stone_sword":1,"minecraft:arrow":2,"minecraft:rotten_flesh":6,"supplementaries:ash":1,"minecraft:mutton":3,"minecraft:white_wool":2,"minecraft:cobblestone":119,"born_in_chaos_v1:corpse_maggot":1,"minecraft:feather":6,"minecraft:andesite":6,"minecraft:leather":6,"minecraft:oak_log":10,"minecraft:yellow_bed":3,"minecraft:lapis_lazuli":48,"minecraft:dirt":55,"tombstone:gift":1,"botania:light_blue_mystical_flower":6,"minecraft:bone":2,"botania:cyan_mystical_flower":6,"minecraft:apple":1,"minecraft:bow":1,"minecraft:wheat_seeds":17,"minecraft:oak_planks":4,"hexerei:animal_fat":7,"minecraft:dandelion":2,"minecraft:spider_eye":1,"minecraft:bundle":1,"minecraft:purple_bed":1,"minecraft:emerald":6,"minecraft:coal":75},"minecraft:mined":{"iceandfire:silver_ore":1,"minecraft:grass_block":21,"minecraft:furnace":4,"minecraft:carrots":4,"minecraft:iron_ore":1,"minecraft:andesite":6,"botania:light_blue_double_flower":2,"minecraft:stone":115,"botania:light_blue_mystical_flower":6,"minecraft:dandelion":3,"minecraft:cornflower":17,"minecraft:crafting_table":3,"minecraft:torch":1,"minecraft:emerald_ore":5,"minecraft:copper_ore":12,"minecraft:tall_grass":11,"minecraft:cobblestone":4,"minecraft:lapis_ore":8,"minecraft:oak_planks":4,"minecraft:diorite":10,"minecraft:wall_torch":4,"botania:cyan_mystical_flower":6,"minecraft:birch_leaves":1,"minecraft:yellow_bed":2,"minecraft:grass":98,"minecraft:oak_log":10,"minecraft:coal_ore":78,"minecraft:dirt":25,"vinery:apple_leaves":1,"minecraft:oak_leaves":6},"minecraft:custom":{"minecraft:mob_kills":25,"minecraft:interact_with_crafting_table":15,"minecraft:open_barrel":5,"minecraft:damage_dealt_resisted":93,"minecraft:leave_game":3,"minecraft:time_since_death":30052,"minecraft:climb_one_cm":1392,"minecraft:sprint_one_cm":462823,"minecraft:walk_one_cm":490491,"minecraft:drop":19,"minecraft:talked_to_villager":1,"minecraft:play_time":181281,"minecraft:deaths":7,"minecraft:sneak_time":1411,"minecraft:walk_under_water_one_cm":18415,"tombstone:tomb_raiding":1,"minecraft:jump":3429,"minecraft:total_world_time":181281,"minecraft:walk_on_water_one_cm":24680,"minecraft:interact_with_furnace":37,"minecraft:sleep_in_bed":3,"minecraft:time_since_rest":27653,"minecraft:waystone_activated":1,"minecraft:damage_taken":6800,"tombstone:sneak_grave":1,"minecraft:damage_dealt":2505,"minecraft:swim_one_cm":100769,"minecraft:fly_one_cm":1162610,"minecraft:open_chest":20,"minecraft:crouch_one_cm":2330,"tombstone:undead_killed":2,"minecraft:fall_one_cm":109911},"minecraft:used":{"minecraft:chest":1,"minecraft:iron_sword":8,"minecraft:cooked_chicken":8,"minecraft:torch":15,"minecraft:dirt":38,"iceandfire:copper_sword":154,"minecraft:carrot":19,"iceandfire:copper_pickaxe":6,"minecraft:bow":4,"supplementaries:ash":1,"minecraft:furnace":5,"tombstone:gift":4,"minecraft:egg":3,"minecraft:cooked_beef":6,"minecraft:potato":5,"minecraft:wheat_seeds":1,"minecraft:cooked_mutton":2,"minecraft:diorite":7,"minecraft:stone_pickaxe":124,"minecraft:baked_potato":6,"minecraft:wooden_pickaxe":50,"minecraft:crafting_table":4,"minecraft:crossbow":2,"minecraft:apple":1,"minecraft:bread":1,"minecraft:iron_pickaxe":136,"minecraft:cobblestone":94,"minecraft:porkchop":1,"minecraft:cooked_porkchop":15,"minecraft:andesite":1,"minecraft:yellow_bed":1,"alexsmobs:animal_dictionary":1},"minecraft:killed":{"born_in_chaos_v1:maggot":1,"minecraft:chicken":8,"minecraft:pig":9,"minecraft:zombie_villager":1,"minecraft:sheep":1,"iceandfire:ghost":1,"minecraft:cow":3},"minecraft:dropped":{"minecraft:baked_potato":14,"minecraft:cobblestone":1,"sophisticatedbackpacks:gold_backpack":1,"minecraft:emerald":1,"minecraft:diorite":1,"tombstone:grave_dust":2,"minecraft:dandelion":2,"hexerei:animal_fat":7,"hexerei:sage_seed":5,"minecraft:rotten_flesh":6,"minecraft:oak_planks":9,"minecraft:carrot":3,"born_in_chaos_v1:corpse_maggot":1,"minecraft:yellow_bed":1,"minecraft:spider_eye":1,"minecraft:bow":1},"minecraft:crafted":{"minecraft:oak_planks":40,"minecraft:cooked_chicken":8,"minecraft:furnace":1,"iceandfire:armor_copper_metal_leggings":1,"minecraft:cooked_mutton":2,"iceandfire:armor_copper_metal_helmet":1,"iceandfire:armor_copper_metal_boots":1,"minecraft:stone_pickaxe":1,"iceandfire:armor_copper_metal_chestplate":1,"minecraft:chest":1,"iceandfire:copper_pickaxe":1,"minecraft:cooked_beef":6,"minecraft:cooked_porkchop":16,"iceandfire:silver_ingot":1,"minecraft:crafting_table":2,"minecraft:wooden_pickaxe":1,"minecraft:baked_potato":20,"minecraft:copper_ingot":29,"iceandfire:copper_sword":1,"minecraft:bread":12,"minecraft:air":0,"minecraft:stick":8,"minecraft:iron_ingot":1,"minecraft:torch":72},"minecraft:killed_by":{"minecraft:husk":1,"born_in_chaos_v1:zombie_lumberjack":1,"majruszsdifficulty:creeperling":1,"iceandfire:ghost":2,"iceandfire:fire_dragon":2}},"DataVersion":3120}