{"stats":{"minecraft:crafted":{"minecraft:oak_planks":16,"minecraft:cooked_porkchop":1,"minecraft:crafting_table":1,"minecraft:stick":4,"minecraft:wooden_pickaxe":1,"minecraft:cooked_chicken":3,"minecraft:stone_pickaxe":1,"minecraft:furnace":1,"minecraft:cooked_mutton":2,"minecraft:air":0},"minecraft:killed":{"minecraft:pig":1,"minecraft:chicken":3},"minecraft:custom":{"minecraft:time_since_rest":15464,"minecraft:interact_with_furnace":5,"minecraft:sprint_one_cm":38034,"minecraft:damage_taken":355,"minecraft:walk_one_cm":10872,"minecraft:mob_kills":5,"minecraft:damage_dealt":277,"minecraft:interact_with_crafting_table":4,"minecraft:fly_one_cm":93756,"minecraft:open_chest":1,"minecraft:crouch_one_cm":73,"minecraft:play_time":15464,"minecraft:sneak_time":19,"minecraft:jump":342,"minecraft:walk_on_water_one_cm":556,"minecraft:time_since_death":15464,"minecraft:total_world_time":15464,"minecraft:fall_one_cm":9458},"minecraft:mined":{"minecraft:furnace":2,"minecraft:andesite":5,"minecraft:crafting_table":1,"minecraft:grass":14,"minecraft:coal_ore":20,"minecraft:grass_block":5,"minecraft:oak_log":4,"minecraft:dirt":9,"minecraft:tall_grass":1,"minecraft:stone":19,"minecraft:diorite":1,"minecraft:oak_leaves":1},"minecraft:picked_up":{"hexerei:animal_fat":1,"minecraft:crafting_table":1,"minecraft:feather":1,"minecraft:chicken":3,"minecraft:andesite":5,"minecraft:porkchop":2,"minecraft:oak_log":4,"minecraft:diorite":1,"minecraft:dirt":14,"hexerei:sage_seed":3,"minecraft:wheat_seeds":2,"minecraft:mutton":2,"minecraft:coal":20,"minecraft:white_wool":1,"minecraft:furnace":2,"minecraft:cobblestone":19,"minecraft:egg":2},"minecraft:used":{"minecraft:stone_pickaxe":50,"minecraft:wooden_pickaxe":15,"minecraft:cooked_chicken":3,"minecraft:dirt":13,"minecraft:crafting_table":1,"minecraft:cooked_porkchop":1,"minecraft:furnace":2,"minecraft:porkchop":1,"alexsmobs:animal_dictionary":1,"minecraft:egg":2}},"DataVersion":3120}