{"stats":{"minecraft:dropped":{"hexerei:wax_blend":6,"minecraft:iron_sword":3,"minecraft:candle":13,"minecraft:lapis_lazuli":6,"minecraft:glow_ink_sac":2,"minecraft:ender_pearl":9,"minecraft:glass_bottle":6,"minecraft:diamond":76,"minecraft:crafting_table":1,"iceandfire:fire_dragon_flesh":2,"hexerei:crow_blank_amulet":1,"vinery:white_grape_seeds":1,"iceandfire:ectoplasm":1,"vinery:rotten_cherry":2,"minecraft:brown_banner":2,"minecraft:emerald":166,"minecraft:cod":2,"minecraft:gold_block":4,"minecraft:dirt":21,"minecraft:cornflower":2,"botania:green_mystical_flower":1,"minecraft:cooked_cod":2,"minecraft:stripped_dark_oak_wood":2,"minecraft:gold_nugget":64,"minecraft:iron_pickaxe":1,"minecraft:fermented_spider_eye":3,"tombstone:familiar_receptacle":3,"vinery:red_grape_seeds":2,"minecraft:gold_ingot":454,"minecraft:bone":13,"minecraft:oak_door":3,"minecraft:waxed_cut_copper_slab":1,"minecraft:waxed_cut_copper_stairs":1,"minecraft:sugar_cane":12,"minecraft:iron_nugget":22,"alexsmobs:animal_dictionary":2,"born_in_chaos_v1:fire_dust":1,"minecraft:cobbled_deepslate":4,"minecraft:wheat":3,"camera:image":2,"tombstone:gift":1,"minecraft:rotten_flesh":27,"minecraft:oak_planks":9,"minecraft:enchanted_golden_apple":2,"minecraft:carrot":1,"patchouli:guide_book":1,"supplementaries:ash":16,"minecraft:chainmail_boots":2,"minecraft:ladder":7,"minecraft:gunpowder":5,"iceandfire:chain":1,"born_in_chaos_v1:corpse_maggot":4,"minecraft:acacia_sapling":1,"minecraft:acacia_slab":1,"minecraft:leather_leggings":1,"minecraft:spruce_slab":3,"minecraft:arrow":1,"minecraft:enchanted_book":2,"minecraft:iron_ingot":82,"minecraft:bread":1,"minecraft:oak_slab":2,"minecraft:wheat_seeds":22,"minecraft:golden_helmet":1,"minecraft:golden_horse_armor":1,"minecraft:diamond_leggings":1,"minecraft:poisonous_potato":1,"minecraft:cobblestone":129,"minecraft:mangrove_propagule":1,"minecraft:prismarine_crystals":3,"minecraft:granite":4,"minecraft:coal":5,"minecraft:golden_apple":10,"minecraft:stick":36,"irons_spellbooks:scroll":1,"minecraft:cobweb":1,"minecraft:diorite":4,"born_in_chaos_v1:river_mint":5,"tombstone:grave_dust":13,"minecraft:potion":1,"minecraft:iron_leggings":1,"minecraft:oak_stairs":3,"minecraft:iron_axe":1,"minecraft:white_banner":1,"minecraft:paper":1,"minecraft:smooth_sandstone":4,"minecraft:acacia_planks":2,"minecraft:bucket":1,"vinery:cherry":6,"iceandfire:dragonbone":10,"iceandfire:dragonscales_gray":12,"hexerei:animal_fat":1,"minecraft:moss_carpet":6,"minecraft:kelp":3,"minecraft:sweet_berries":15,"hexerei:sage_seed":7,"minecraft:player_head":1,"iceandfire:lightning_dragon_heart":1,"minecraft:cobblestone_wall":1,"minecraft:bowl":1,"born_in_chaos_v1:rotten_fish":3,"minecraft:raw_iron":7,"minecraft:experience_bottle":4,"alexsmobs:blobfish":1,"minecraft:light_gray_wool":1,"minecraft:iron_boots":2,"sophisticatedbackpacks:backpack":1,"supplementaries:cage":1,"minecraft:diamond_sword":1,"minecraft:filled_map":1,"minecraft:hay_block":20,"minecraft:potato":2,"minecraft:sea_pickle":2,"minecraft:spruce_trapdoor":1,"minecraft:diamond_chestplate":1,"minecraft:bundle":3,"minecraft:spruce_planks":9,"minecraft:iron_chestplate":1,"minecraft:andesite":3,"born_in_chaos_v1:spiny_shell":3,"goety:tall_skull":1,"minecraft:oak_boat":2,"minecraft:oak_sapling":1,"botania:mana_bottle":1,"minecraft:barrel":1,"minecraft:spider_eye":1,"iceandfire:fire_dragon_heart":1,"minecraft:diamond_boots":1,"minecraft:slime_ball":33,"minecraft:sandstone":2,"minecraft:bow":1,"minecraft:blue_orchid":2,"minecraft:stone_pickaxe":2,"iceandfire:dragon_skull_lightning":1},"minecraft:killed":{"alexsmobs:lobster":1,"minecraft:witch":1,"born_in_chaos_v1:zombie_lumberjack":3,"born_in_chaos_v1:restless_spirit":1,"irons_spellbooks:pyromancer":1,"minecraft:spider":12,"born_in_chaos_v1:siamese_skeletonsright":1,"iceandfire:stymphalian_bird":2,"born_in_chaos_v1:scarlet_persecutor":4,"minecraft:skeleton":38,"irons_spellbooks:archevoker":1,"minecraft:pig":7,"irons_spellbooks:necromancer":1,"minecraft:creeper":6,"minecraft:sheep":9,"minecraft:pillager":24,"minecraft:zombie":54,"born_in_chaos_v1:corpse_fly":2,"goety:wraith":3,"alexsmobs:fly":2,"born_in_chaos_v1:door_knight":2,"born_in_chaos_v1:siamese_skeletonsleft":1,"minecraft:cow":18,"irons_spellbooks:summoned_zombie":1,"minecraft:vindicator":4,"alexsmobs:seagull":1,"born_in_chaos_v1:thornshell_crab":1,"born_in_chaos_v1:maggot":13,"minecraft:horse":2,"eidolon:wraith":9,"iceandfire:fire_dragon":1,"born_in_chaos_v1:barrel_zombie":6,"born_in_chaos_v1:baby_skeleton":2,"born_in_chaos_v1:spirit_guide_assistant":1,"born_in_chaos_v1:decrepit_skeleton":4,"iceandfire:ghost":5,"minecraft:wither_skeleton":6},"minecraft:custom":{"minecraft:interact_with_crafting_table":89,"minecraft:open_barrel":119,"minecraft:eat_cake_slice":4,"minecraft:leave_game":7,"minecraft:time_since_death":35768,"minecraft:damage_resisted":194,"minecraft:sprint_one_cm":2483621,"minecraft:damage_blocked_by_shield":5138,"minecraft:drop":313,"minecraft:play_time":767812,"minecraft:deaths":32,"minecraft:jump":16696,"minecraft:walk_on_water_one_cm":117054,"minecraft:enchant_item":2,"minecraft:interact_with_furnace":89,"minecraft:traded_with_villager":32,"minecraft:sleep_in_bed":13,"minecraft:waystone_activated":9,"minecraft:damage_dealt":92547,"minecraft:player_kills":1,"minecraft:crouch_one_cm":142894,"tombstone:undead_killed":138,"minecraft:mob_kills":265,"minecraft:damage_dealt_resisted":1658,"minecraft:climb_one_cm":22219,"minecraft:walk_one_cm":1941414,"minecraft:sneak_time":49579,"minecraft:walk_under_water_one_cm":129080,"minecraft:boat_one_cm":765049,"minecraft:total_world_time":767812,"tombstone:raider_killed":29,"minecraft:raid_trigger":1,"minecraft:time_since_rest":35730,"minecraft:damage_taken":43273,"minecraft:damage_absorbed":873,"tombstone:cast_on_ally":2,"minecraft:swim_one_cm":214767,"minecraft:fly_one_cm":3348971,"minecraft:open_chest":350,"minecraft:fall_one_cm":455212},"minecraft:used":{"minecraft:iron_shovel":243,"minecraft:spruce_slab":4,"minecraft:ladder":11,"minecraft:black_carpet":9,"minecraft:chest":5,"minecraft:shield":130,"minecraft:iron_sword":302,"vinery:white_grape":13,"minecraft:player_head":1,"minecraft:mutton":13,"securitycraft:keypad_item":1,"minecraft:carrot":68,"minecraft:allium":1,"iceandfire:chain":3,"minecraft:stripped_spruce_log":6,"minecraft:raw_gold_block":15,"minecraft:stone_bricks":3,"minecraft:red_carpet":4,"minecraft:bow":53,"minecraft:furnace":3,"minecraft:oak_sapling":68,"minecraft:gold_block":3,"minecraft:potato":4,"minecraft:dark_oak_stairs":11,"minecraft:diorite":57,"minecraft:spruce_door":3,"minecraft:stone_pickaxe":202,"minecraft:oak_planks":277,"minecraft:ender_pearl":1,"minecraft:wooden_pickaxe":59,"minecraft:sandstone":38,"minecraft:sugar_cane":4,"minecraft:white_wool":2,"minecraft:golden_apple":18,"minecraft:sand":15,"waystones:waystone":5,"minecraft:chiseled_sandstone":1,"minecraft:string":1,"minecraft:bread":194,"minecraft:melon_slice":35,"tombstone:grave_key":4,"minecraft:diamond_sword":959,"iceandfire:dragon_skull_fire":1,"minecraft:andesite":1,"minecraft:oak_boat":7,"minecraft:purple_wool":1,"minecraft:bone_meal":33,"minecraft:experience_bottle":1,"minecraft:cobweb":1,"minecraft:oak_trapdoor":4,"minecraft:enchanting_table":1,"minecraft:spruce_planks":26,"minecraft:stone_hoe":9,"minecraft:cooked_chicken":1,"minecraft:orange_bed":1,"minecraft:torch":123,"minecraft:oak_door":1,"minecraft:brewing_stand":1,"minecraft:dirt":221,"minecraft:cobblestone_wall":2,"minecraft:spruce_stairs":6,"minecraft:granite":5,"minecraft:dark_oak_planks":65,"minecraft:iron_axe":551,"minecraft:rooted_dirt":1,"minecraft:smooth_sandstone":84,"minecraft:barrel":3,"born_in_chaos_v1:smoldering_scorched_log":3,"minecraft:golden_carrot":23,"minecraft:waxed_cut_copper_slab":1,"minecraft:beef":8,"tombstone:gift":3,"minecraft:cooked_beef":7,"minecraft:acacia_planks":114,"minecraft:cobbled_deepslate":28,"vinery:red_grape":17,"minecraft:enchanted_golden_apple":2,"iceandfire:fire_dragon_flesh":1,"minecraft:water_bucket":127,"minecraft:baked_potato":4,"minecraft:cut_sandstone":27,"minecraft:crafting_table":12,"minecraft:white_bed":1,"supplementaries:cage":6,"tombstone:tablet_of_home":1,"minecraft:oak_log":6,"minecraft:apple":13,"minecraft:diamond_pickaxe":1742,"minecraft:cornflower":1,"minecraft:iron_pickaxe":385,"minecraft:suspicious_stew":1,"minecraft:spruce_trapdoor":3,"hexerei:witch_hazel_altar":1,"minecraft:stone_axe":91,"minecraft:cobblestone":462,"minecraft:potion":2,"minecraft:porkchop":2,"vinery:cherry":7,"minecraft:cooked_porkchop":8,"minecraft:bucket":126,"minecraft:yellow_bed":2,"alexsmobs:animal_dictionary":3,"irons_spellbooks:inscription_table":1},"minecraft:killed_by":{"minecraft:creeper":1,"born_in_chaos_v1:zombie_bruiser":1,"eidolon:wraith":1,"goety:maverick":1,"minecraft:vindicator":3,"alexsmobs:crocodile":1,"minecraft:zombie":3,"born_in_chaos_v1:scarlet_persecutor":3,"iceandfire:fire_dragon":3,"minecraft:player":1,"minecraft:spider":2,"born_in_chaos_v1:zombie_lumberjack":1,"minecraft:skeleton":7,"iceandfire:ghost":2},"minecraft:picked_up":{"irons_spellbooks:scroll":3,"vinery:red_grape":17,"minecraft:iron_chestplate":1,"minecraft:black_carpet":9,"minecraft:wheat":9,"minecraft:chainmail_boots":3,"minecraft:prismarine_shard":12,"minecraft:oak_stairs":1,"vinery:red_grape_seeds":3,"minecraft:enchanted_book":1,"minecraft:potion":1,"minecraft:brewing_stand":1,"born_in_chaos_v1:mesh_door":1,"minecraft:string":15,"minecraft:waxed_cut_copper_slab":2,"minecraft:raw_copper":57,"minecraft:iron_leggings":1,"minecraft:experience_bottle":3,"minecraft:oak_sign":2,"minecraft:sea_pickle":1,"irons_spellbooks:arcane_essence":9,"goety:ectoplasm":1,"minecraft:gold_nugget":677,"minecraft:cobbled_deepslate":33,"bosses_of_mass_destruction:soul_star":1,"celestisynth:lunar_stone":31,"minecraft:spruce_planks":22,"minecraft:wooden_shovel":2,"born_in_chaos_v1:smoldering_scorched_log":3,"minecraft:melon_slice":35,"minecraft:coal_block":1,"irons_spellbooks:inscription_table":1,"minecraft:iron_boots":3,"minecraft:furnace":1,"minecraft:stick":43,"minecraft:torch":24,"minecraft:spruce_stairs":6,"iceandfire:silver_ore":1,"minecraft:porkchop":13,"minecraft:target":2,"minecraft:diorite":180,"tombstone:grave_dust":20,"irons_spellbooks:fire_rune":1,"minecraft:orange_bed":1,"eidolon:tattered_cloth":1,"hexerei:candelabra":3,"minecraft:rotten_flesh":70,"minecraft:polished_basalt":2,"iceandfire:fire_dragon_heart":1,"minecraft:carved_pumpkin":2,"supplementaries:quiver":1,"supplementaries:ash":24,"minecraft:blaze_rod":5,"minecraft:obsidian":3,"minecraft:cod":4,"minecraft:blaze_powder":2,"minecraft:cobblestone":1373,"eidolon:raw_silver":3,"minecraft:andesite":15,"minecraft:potato":19,"minecraft:flint":3,"minecraft:stripped_spruce_wood":6,"supplementaries:flax_seeds":5,"minecraft:lapis_lazuli":74,"minecraft:dirt":253,"tombstone:familiar_receptacle":4,"born_in_chaos_v1:monster_skin":1,"minecraft:bone":48,"minecraft:gray_terracotta":2,"minecraft:bow":1,"minecraft:wheat_seeds":22,"minecraft:raw_gold":14,"tombstone:scroll_of_reach":1,"minecraft:glowstone_dust":1,"camera:image":1,"minecraft:oak_planks":20,"hexerei:animal_fat":15,"minecraft:black_terracotta":3,"iceandfire:dragon_skull_fire":1,"goety:jade":5,"minecraft:sand":43,"minecraft:poisonous_potato":2,"vinery:white_grape":19,"minecraft:jungle_planks":7,"minecraft:dark_oak_log":3,"minecraft:stripped_spruce_log":15,"iceandfire:lightning_dragon_heart":1,"sophisticatedbackpacks:iron_backpack":1,"minecraft:ink_sac":2,"minecraft:fermented_spider_eye":3,"minecraft:jungle_slab":19,"minecraft:chiseled_sandstone":6,"minecraft:barrel":2,"alexsmobs:animal_dictionary":1,"minecraft:mossy_cobblestone":4,"hexerei:witch_hazel_altar":1,"minecraft:bundle":5,"eidolon:raw_lead":2,"minecraft:yellow_carpet":1,"born_in_chaos_v1:fire_dust":1,"minecraft:diamond":44,"minecraft:slime_block":1,"waystones:waystone":7,"minecraft:granite":101,"minecraft:golden_apple":5,"goety:tall_skull":1,"minecraft:bread":10,"minecraft:emerald":38,"minecraft:rooted_dirt":1,"born_in_chaos_v1:rotten_fish":4,"minecraft:oak_sapling":71,"minecraft:dark_oak_fence":6,"minecraft:purple_wool":1,"iceandfire:dragon_skull_lightning":2,"minecraft:crafting_table":6,"minecraft:allium":1,"blocky_siege:cannon":6,"minecraft:ladder":6,"iceandfire:witherbone":3,"born_in_chaos_v1:river_mint":5,"iceandfire:chain":5,"minecraft:gold_block":7,"minecraft:shield":1,"minecraft:cornflower":3,"minecraft:oak_trapdoor":2,"minecraft:moss_carpet":6,"epicsamurai:jade":2,"minecraft:iron_shovel":1,"minecraft:blue_orchid":2,"minecraft:candle":43,"minecraft:beef":25,"minecraft:oak_boat":10,"minecraft:player_head":3,"born_in_chaos_v1:gnawed_bones":1,"vinery:cherry":13,"minecraft:spruce_slab":1,"minecraft:light_gray_wool":1,"minecraft:sugar_cane":60,"minecraft:chest":2,"iceandfire:dragonscales_gray":12,"minecraft:raw_iron":58,"minecraft:sandstone":40,"iceandfire:dragonbone":22,"minecraft:oak_door":1,"minecraft:raw_gold_block":18,"botania:mana_bottle":1,"minecraft:spruce_fence":4,"minecraft:carrot":72,"minecraft:redstone":26,"minecraft:prismarine_crystals":3,"minecraft:purple_terracotta":2,"minecraft:dark_oak_planks":23,"irons_spellbooks:evocation_rune":1,"hexerei:sage_seed":15,"minecraft:arrow":27,"minecraft:cooked_cod":1,"minecraft:hay_block":70,"minecraft:stripped_dark_oak_wood":17,"born_in_chaos_v1:spiny_shell":4,"minecraft:gold_ingot":93,"botania:green_mystical_flower":1,"minecraft:mutton":14,"minecraft:white_wool":6,"minecraft:stripped_oak_log":22,"born_in_chaos_v1:corpse_maggot":8,"born_in_chaos_v1:monster_flesh":1,"minecraft:golden_carrot":6,"vinery:rotten_cherry":2,"minecraft:glow_ink_sac":2,"minecraft:leather":24,"minecraft:cut_sandstone":27,"minecraft:acacia_wood":29,"minecraft:filled_map":1,"minecraft:oak_log":312,"minecraft:chainmail_chestplate":1,"iceandfire:ectoplasm":1,"hexerei:crow_blank_amulet":2,"minecraft:yellow_bed":2,"minecraft:gunpowder":16,"tombstone:gift":1,"minecraft:paper":1,"minecraft:white_banner":1,"irons_spellbooks:rare_ink":1,"irons_spellbooks:common_ink":2,"minecraft:smooth_sandstone":94,"minecraft:red_carpet":7,"minecraft:apple":24,"minecraft:stone_bricks":3,"minecraft:kelp":9,"minecraft:spruce_wood":3,"minecraft:iron_ingot":122,"minecraft:cooked_chicken":1,"minecraft:glass_bottle":2,"minecraft:oak_slab":12,"iceandfire:fire_dragon_flesh":3,"minecraft:iron_sword":6,"blocky_siege:cannon_ball_0":11,"minecraft:dark_oak_stairs":12,"minecraft:acacia_sapling":1,"minecraft:book":234,"minecraft:dark_oak_slab":3,"minecraft:emerald_block":1,"minecraft:pumpkin":2,"minecraft:sweet_berries":15,"born_in_chaos_v1:ethereal_spirit":2,"minecraft:gravel":30,"minecraft:spruce_log":3,"minecraft:spruce_door":3,"minecraft:spider_eye":2,"minecraft:slime_ball":18,"minecraft:iron_helmet":1,"minecraft:brown_banner":2,"tombstone:magic_scroll":1,"minecraft:acacia_slab":1,"minecraft:stripped_dark_oak_log":10,"minecraft:coal":216,"minecraft:mangrove_propagule":1,"minecraft:ender_pearl":1},"minecraft:broken":{"minecraft:diamond_helmet":1,"minecraft:iron_boots":1,"minecraft:iron_leggings":1,"minecraft:diamond_boots":1,"minecraft:stone_axe":1,"minecraft:wooden_pickaxe":1,"minecraft:shield":2,"minecraft:iron_axe":1,"minecraft:iron_pickaxe":1,"minecraft:iron_helmet":2},"minecraft:mined":{"minecraft:dark_oak_planks":16,"minecraft:waxed_cut_copper_slab":1,"minecraft:spruce_planks":22,"minecraft:black_terracotta":4,"minecraft:jungle_slab":1,"minecraft:brewing_stand":1,"minecraft:obsidian":1,"minecraft:carved_pumpkin":2,"minecraft:granite":101,"hexerei:candelabra":3,"minecraft:grass_block":180,"minecraft:coal_block":1,"minecraft:spawner":61,"minecraft:magma_block":1,"minecraft:glowstone":1,"minecraft:barrel":1,"minecraft:iron_ore":50,"minecraft:fire":8,"born_in_chaos_v1:black_argillite_brick_stairs":12,"minecraft:target":2,"minecraft:deepslate_lapis_ore":9,"minecraft:stripped_dark_oak_wood":6,"minecraft:dark_oak_stairs":3,"iceandfire:gold_pile":68,"minecraft:spruce_wood":4,"minecraft:spruce_slab":1,"minecraft:orange_bed":1,"eidolon:lead_ore":2,"hexerei:witch_hazel_altar":1,"blocky_siege:cannon_ball_3":1,"minecraft:deepslate_redstone_ore":6,"minecraft:gray_terracotta":4,"minecraft:cut_sandstone":7,"botania:orange_mystical_flower":1,"minecraft:powder_snow":11,"minecraft:torch":7,"vinery:red_grape_bush":1,"minecraft:melon":7,"minecraft:chest":1,"born_in_chaos_v1:smoldering_scorched_log":3,"supplementaries:wild_flax":3,"minecraft:cobblestone":59,"minecraft:slime_block":1,"minecraft:oak_planks":4,"minecraft:sugar_cane":32,"minecraft:deepslate_copper_ore":2,"minecraft:dark_oak_slab":1,"minecraft:wheat":1,"born_in_chaos_v1:river_mint":4,"celestisynth:lunar_stone":29,"minecraft:stone_brick_stairs":2,"minecraft:grass":57,"minecraft:oak_log":312,"minecraft:sand":44,"minecraft:dirt":75,"minecraft:crimson_planks":1,"vinery:apple_leaves":13,"minecraft:oak_leaves":154,"minecraft:deepslate":34,"minecraft:emerald_block":1,"eidolon:deep_silver_ore":2,"iceandfire:silver_ore":2,"minecraft:mossy_cobblestone":4,"minecraft:deepslate_diamond_ore":2,"minecraft:candle":17,"minecraft:dark_oak_log":3,"minecraft:ladder":2,"minecraft:dark_oak_fence":6,"minecraft:purple_terracotta":2,"eidolon:silver_ore":1,"minecraft:spruce_fence":4,"blocky_siege:cannon":7,"minecraft:sandstone":60,"minecraft:rooted_dirt":1,"minecraft:hay_block":54,"minecraft:oak_trapdoor":2,"minecraft:furnace":1,"minecraft:carrots":16,"minecraft:raw_gold_block":18,"minecraft:chiseled_sandstone":1,"minecraft:acacia_wood":30,"minecraft:andesite":20,"minecraft:stripped_spruce_log":15,"minecraft:gold_block":6,"minecraft:bookshelf":78,"minecraft:potatoes":5,"minecraft:deepslate_iron_ore":7,"minecraft:stripped_oak_log":22,"irons_spellbooks:inscription_table":1,"minecraft:stone":1299,"minecraft:pink_terracotta":1,"minecraft:acacia_leaves":27,"epicsamurai:jade_ore":2,"minecraft:stripped_dark_oak_log":10,"minecraft:spruce_door":3,"minecraft:smooth_sandstone":73,"minecraft:crafting_table":6,"minecraft:cornflower":1,"minecraft:copper_ore":14,"minecraft:tall_grass":11,"blocky_siege:cannon_ball_1":1,"born_in_chaos_v1:chipped_black_argillite_brick":2,"minecraft:deepslate_gold_ore":10,"minecraft:lapis_ore":6,"minecraft:diorite":184,"supplementaries:urn":9,"minecraft:spruce_stairs":6,"minecraft:red_terracotta":1,"minecraft:stripped_spruce_wood":6,"minecraft:sweet_berry_bush":8,"minecraft:mangrove_leaves":3,"minecraft:yellow_bed":2,"minecraft:coal_ore":198,"blocky_siege:cannon_ball_0":3,"minecraft:gravel":16,"minecraft:cobweb":5,"minecraft:stone_bricks":4,"minecraft:gold_ore":3},"minecraft:crafted":{"minecraft:oak_planks":516,"minecraft:barrel":2,"minecraft:chain":9,"minecraft:stone":162,"securitycraft:keypad_item":1,"minecraft:iron_bars":16,"minecraft:heavy_weighted_pressure_plate":1,"minecraft:glass":28,"minecraft:iron_boots":1,"tombstone:grave_key":1,"minecraft:chest":10,"minecraft:stone_hoe":1,"minecraft:stone_bricks":44,"minecraft:oak_slab":6,"minecraft:emerald":73,"sophisticatedbackpacks:backpack":2,"minecraft:cooked_porkchop":8,"minecraft:crafting_table":11,"minecraft:spruce_planks":40,"minecraft:wooden_pickaxe":1,"minecraft:iron_helmet":1,"supplementaries:cage":4,"minecraft:copper_ingot":36,"minecraft:spruce_trapdoor":4,"minecraft:book":1,"minecraft:iron_chestplate":1,"minecraft:diamond_pickaxe":1,"minecraft:paper":12,"minecraft:shield":1,"camera:camera":1,"minecraft:stick":80,"minecraft:iron_pickaxe":2,"minecraft:iron_ingot":58,"minecraft:gold_ingot":53,"minecraft:golden_carrot":17,"minecraft:oak_door":3,"minecraft:iron_nugget":27,"minecraft:furnace":3,"minecraft:stone_button":9,"minecraft:bone_meal":33,"minecraft:oak_trapdoor":2,"minecraft:glass_pane":16,"minecraft:iron_axe":3,"minecraft:ladder":12,"minecraft:spruce_slab":6,"minecraft:cobblestone_wall":6,"minecraft:stone_pickaxe":2,"minecraft:dark_oak_planks":80,"iceandfire:chain":3,"minecraft:wheat":460,"minecraft:cooked_beef":11,"minecraft:cooked_cod":1,"minecraft:enchanting_table":1,"minecraft:stripped_oak_wood":3,"minecraft:stone_axe":1,"born_in_chaos_v1:scorched_planks":12,"minecraft:bread":165,"minecraft:air":0,"minecraft:oak_boat":1,"minecraft:golden_apple":3,"minecraft:iron_shovel":1,"minecraft:iron_leggings":1,"minecraft:white_bed":1,"camera:image_frame":3,"minecraft:acacia_planks":116,"minecraft:torch":96}},"DataVersion":3120}