{"stats":{"minecraft:dropped":{"minecraft:wheat_seeds":6,"minecraft:iron_nugget":19,"iceandfire:lightning_dragon_heart":1,"minecraft:glass_bottle":1,"minecraft:bowl":1,"tombstone:gift":1,"born_in_chaos_v1:rotten_fish":2,"alexsmobs:blobfish":1,"minecraft:brown_banner":2,"minecraft:coal":4,"minecraft:cod":1,"minecraft:filled_map":1,"minecraft:cobweb":1,"minecraft:potato":2,"minecraft:spruce_planks":3,"born_in_chaos_v1:spiny_shell":3,"born_in_chaos_v1:corpse_maggot":1,"minecraft:cooked_cod":1,"goety:tall_skull":1,"minecraft:oak_sapling":1,"tombstone:grave_dust":1,"minecraft:white_banner":1,"iceandfire:dragonbone":2},"minecraft:crafted":{"minecraft:oak_planks":8,"minecraft:cooked_porkchop":2,"minecraft:wooden_pickaxe":1,"minecraft:stone_axe":1,"minecraft:bread":51,"minecraft:air":0,"minecraft:stick":8,"minecraft:stone_pickaxe":2,"minecraft:wheat":153},"minecraft:broken":{"minecraft:stone_axe":1,"minecraft:wooden_pickaxe":1},"minecraft:killed":{"born_in_chaos_v1:barrel_zombie":1,"minecraft:pig":2,"minecraft:vindicator":1,"alexsmobs:seagull":1,"born_in_chaos_v1:thornshell_crab":1,"born_in_chaos_v1:maggot":2,"minecraft:sheep":1,"minecraft:skeleton":1,"minecraft:pillager":7,"minecraft:zombie":1},"minecraft:custom":{"minecraft:interact_with_furnace":1,"minecraft:mob_kills":21,"tombstone:raider_killed":8,"minecraft:interact_with_crafting_table":5,"minecraft:open_barrel":37,"minecraft:raid_trigger":1,"minecraft:leave_game":2,"minecraft:time_since_death":35006,"minecraft:sleep_in_bed":3,"minecraft:climb_one_cm":6030,"minecraft:time_since_rest":11,"minecraft:sprint_one_cm":199943,"minecraft:damage_taken":5456,"minecraft:walk_one_cm":302119,"minecraft:drop":29,"minecraft:damage_dealt":4345,"tombstone:cast_on_ally":2,"minecraft:swim_one_cm":74293,"minecraft:fly_one_cm":363571,"minecraft:open_chest":20,"minecraft:crouch_one_cm":11812,"minecraft:play_time":92790,"tombstone:undead_killed":3,"minecraft:deaths":4,"minecraft:sneak_time":4718,"minecraft:walk_under_water_one_cm":15662,"minecraft:boat_one_cm":151605,"minecraft:jump":1544,"minecraft:walk_on_water_one_cm":12583,"minecraft:total_world_time":92790,"minecraft:fall_one_cm":31651},"minecraft:mined":{"blocky_siege:cannon_ball_3":1,"minecraft:spruce_planks":3,"minecraft:jungle_slab":1,"minecraft:powder_snow":11,"minecraft:crafting_table":4,"minecraft:purple_terracotta":2,"vinery:red_grape_bush":1,"minecraft:grass_block":4,"blocky_siege:cannon_ball_1":1,"minecraft:coal_block":1,"minecraft:cobblestone":4,"blocky_siege:cannon":7,"minecraft:sugar_cane":5,"minecraft:oak_planks":1,"minecraft:spawner":1,"minecraft:hay_block":21,"minecraft:furnace":1,"minecraft:sweet_berry_bush":8,"minecraft:iron_ore":4,"minecraft:fire":6,"minecraft:yellow_bed":1,"minecraft:dark_oak_stairs":3,"minecraft:grass":2,"minecraft:coal_ore":35,"minecraft:oak_log":18,"blocky_siege:cannon_ball_0":3,"minecraft:sand":1,"minecraft:stripped_oak_log":16,"minecraft:crimson_planks":1,"minecraft:stone":117,"minecraft:oak_leaves":1},"minecraft:picked_up":{"minecraft:stripped_oak_log":16,"iceandfire:dragon_skull_lightning":1,"born_in_chaos_v1:corpse_maggot":4,"minecraft:crafting_table":4,"blocky_siege:cannon":6,"born_in_chaos_v1:monster_flesh":1,"minecraft:prismarine_shard":4,"vinery:red_grape_seeds":3,"minecraft:filled_map":1,"minecraft:oak_log":17,"minecraft:chainmail_chestplate":1,"minecraft:yellow_bed":1,"minecraft:shield":1,"minecraft:gunpowder":5,"minecraft:dirt":4,"minecraft:white_banner":1,"tombstone:gift":1,"born_in_chaos_v1:monster_skin":1,"minecraft:wheat_seeds":6,"minecraft:spruce_planks":3,"minecraft:iron_ingot":2,"minecraft:oak_boat":3,"born_in_chaos_v1:gnawed_bones":1,"tombstone:scroll_of_reach":1,"minecraft:glass_bottle":1,"minecraft:coal_block":1,"minecraft:sugar_cane":12,"blocky_siege:cannon_ball_0":11,"minecraft:iron_sword":2,"minecraft:furnace":1,"minecraft:raw_iron":5,"iceandfire:dragonbone":10,"minecraft:sweet_berries":15,"minecraft:torch":4,"minecraft:porkchop":5,"minecraft:jungle_planks":7,"tombstone:grave_dust":1,"minecraft:ink_sac":2,"iceandfire:lightning_dragon_heart":1,"minecraft:carrot":1,"minecraft:jungle_slab":19,"minecraft:purple_terracotta":2,"hexerei:sage_seed":1,"minecraft:rotten_flesh":5,"minecraft:cooked_cod":1,"waystones:waystone":1,"minecraft:iron_helmet":1,"minecraft:hay_block":19,"born_in_chaos_v1:spiny_shell":3,"goety:tall_skull":1,"minecraft:emerald":1,"minecraft:acacia_slab":1,"born_in_chaos_v1:rotten_fish":2,"minecraft:brown_banner":2,"minecraft:cod":1,"minecraft:mutton":1,"minecraft:coal":52,"minecraft:white_wool":1,"minecraft:cobblestone":122},"minecraft:killed_by":{"minecraft:vindicator":2,"born_in_chaos_v1:zombie_lumberjack":1},"minecraft:used":{"minecraft:water_bucket":6,"minecraft:stone_pickaxe":124,"minecraft:wooden_pickaxe":59,"minecraft:dirt":4,"minecraft:crafting_table":1,"minecraft:suspicious_stew":1,"minecraft:bread":29,"minecraft:stone_axe":91,"minecraft:cobblestone":47,"minecraft:bucket":6,"tombstone:gift":1,"minecraft:yellow_bed":1,"alexsmobs:animal_dictionary":2,"minecraft:oak_boat":3}},"DataVersion":3120}