{"stats":{"minecraft:killed_by":{"minecraft:vindicator":3,"alexsmobs:crocodile":1,"minecraft:zombie":1,"iceandfire:fire_dragon":1,"minecraft:player":1,"born_in_chaos_v1:zombie_lumberjack":1,"iceandfire:ghost":2},"minecraft:broken":{"minecraft:iron_boots":1,"minecraft:iron_leggings":1,"minecraft:stone_axe":1,"minecraft:wooden_pickaxe":1,"minecraft:shield":1,"minecraft:iron_axe":1,"minecraft:iron_pickaxe":1,"minecraft:iron_helmet":1},"minecraft:crafted":{"minecraft:oak_planks":388,"minecraft:barrel":2,"minecraft:chain":3,"minecraft:stone":98,"securitycraft:keypad_item":1,"minecraft:heavy_weighted_pressure_plate":1,"minecraft:iron_boots":1,"minecraft:chest":9,"minecraft:stone_hoe":1,"minecraft:stone_bricks":44,"minecraft:oak_slab":6,"sophisticatedbackpacks:backpack":2,"minecraft:emerald":73,"minecraft:cooked_porkchop":2,"minecraft:crafting_table":8,"minecraft:spruce_planks":24,"minecraft:iron_helmet":1,"minecraft:wooden_pickaxe":1,"minecraft:copper_ingot":36,"minecraft:spruce_trapdoor":4,"minecraft:book":1,"minecraft:diamond_pickaxe":1,"minecraft:iron_chestplate":1,"minecraft:paper":6,"minecraft:shield":1,"minecraft:stick":80,"minecraft:iron_pickaxe":2,"minecraft:iron_ingot":41,"minecraft:oak_door":3,"minecraft:iron_nugget":9,"minecraft:furnace":2,"minecraft:stone_button":8,"minecraft:bone_meal":21,"minecraft:oak_trapdoor":2,"minecraft:iron_axe":2,"minecraft:spruce_slab":6,"minecraft:stone_pickaxe":2,"minecraft:dark_oak_planks":40,"minecraft:wheat":433,"iceandfire:chain":1,"minecraft:cooked_beef":11,"minecraft:enchanting_table":1,"minecraft:stripped_oak_wood":3,"minecraft:stone_axe":1,"born_in_chaos_v1:scorched_planks":12,"minecraft:bread":156,"minecraft:air":0,"minecraft:oak_boat":1,"minecraft:iron_shovel":1,"minecraft:iron_leggings":1,"minecraft:white_bed":1,"minecraft:torch":96},"minecraft:picked_up":{"irons_spellbooks:scroll":3,"minecraft:wheat":9,"minecraft:prismarine_shard":12,"vinery:red_grape_seeds":3,"minecraft:oak_stairs":1,"minecraft:potion":1,"minecraft:brewing_stand":1,"minecraft:string":11,"minecraft:raw_copper":57,"minecraft:iron_leggings":1,"minecraft:experience_bottle":3,"irons_spellbooks:arcane_essence":6,"goety:ectoplasm":1,"minecraft:gold_nugget":154,"minecraft:cobbled_deepslate":32,"minecraft:spruce_planks":20,"celestisynth:lunar_stone":31,"minecraft:wooden_shovel":1,"born_in_chaos_v1:smoldering_scorched_log":3,"minecraft:coal_block":1,"irons_spellbooks:inscription_table":1,"minecraft:furnace":1,"minecraft:stick":43,"minecraft:torch":16,"minecraft:spruce_stairs":6,"minecraft:porkchop":13,"minecraft:target":2,"tombstone:grave_dust":12,"minecraft:diorite":86,"irons_spellbooks:fire_rune":1,"minecraft:orange_bed":1,"hexerei:candelabra":3,"minecraft:rotten_flesh":36,"minecraft:carved_pumpkin":2,"supplementaries:quiver":1,"supplementaries:ash":18,"minecraft:blaze_rod":5,"minecraft:obsidian":3,"minecraft:blaze_powder":2,"minecraft:cod":3,"minecraft:cobblestone":494,"eidolon:raw_silver":3,"minecraft:andesite":13,"minecraft:flint":3,"minecraft:stripped_spruce_wood":6,"supplementaries:flax_seeds":5,"minecraft:lapis_lazuli":74,"minecraft:dirt":231,"tombstone:familiar_receptacle":4,"born_in_chaos_v1:monster_skin":1,"minecraft:bone":23,"minecraft:wheat_seeds":17,"minecraft:raw_gold":13,"tombstone:scroll_of_reach":1,"minecraft:oak_planks":9,"hexerei:animal_fat":15,"goety:jade":5,"minecraft:sand":43,"minecraft:poisonous_potato":2,"minecraft:jungle_planks":7,"minecraft:stripped_spruce_log":15,"sophisticatedbackpacks:iron_backpack":1,"minecraft:ink_sac":2,"minecraft:fermented_spider_eye":3,"iceandfire:lightning_dragon_heart":1,"minecraft:barrel":1,"minecraft:dark_oak_log":3,"minecraft:jungle_slab":19,"alexsmobs:animal_dictionary":1,"minecraft:mossy_cobblestone":4,"hexerei:witch_hazel_altar":1,"minecraft:bundle":3,"eidolon:raw_lead":2,"minecraft:yellow_carpet":1,"born_in_chaos_v1:fire_dust":1,"minecraft:diamond":2,"waystones:waystone":5,"minecraft:granite":7,"goety:tall_skull":1,"minecraft:bread":8,"minecraft:emerald":9,"minecraft:oak_sapling":71,"born_in_chaos_v1:rotten_fish":3,"minecraft:dark_oak_fence":6,"iceandfire:dragon_skull_lightning":2,"minecraft:crafting_table":5,"minecraft:allium":1,"blocky_siege:cannon":6,"minecraft:ladder":4,"born_in_chaos_v1:river_mint":5,"iceandfire:chain":3,"minecraft:shield":1,"minecraft:cornflower":3,"minecraft:oak_trapdoor":2,"minecraft:moss_carpet":6,"epicsamurai:jade":2,"minecraft:candle":43,"minecraft:beef":24,"minecraft:oak_boat":8,"vinery:cherry":13,"born_in_chaos_v1:gnawed_bones":1,"minecraft:player_head":1,"minecraft:spruce_slab":1,"minecraft:light_gray_wool":1,"minecraft:sugar_cane":46,"minecraft:chest":2,"minecraft:raw_iron":55,"minecraft:sandstone":2,"iceandfire:dragonbone":10,"minecraft:oak_door":1,"botania:mana_bottle":1,"minecraft:spruce_fence":4,"minecraft:carrot":11,"minecraft:redstone":26,"minecraft:prismarine_crystals":3,"minecraft:dark_oak_planks":1,"minecraft:purple_terracotta":2,"hexerei:sage_seed":15,"irons_spellbooks:evocation_rune":1,"minecraft:arrow":12,"minecraft:cooked_cod":1,"minecraft:hay_block":67,"born_in_chaos_v1:spiny_shell":4,"minecraft:mutton":12,"minecraft:white_wool":6,"minecraft:stripped_oak_log":22,"born_in_chaos_v1:corpse_maggot":8,"vinery:rotten_cherry":2,"born_in_chaos_v1:monster_flesh":1,"minecraft:glow_ink_sac":2,"minecraft:leather":20,"minecraft:filled_map":1,"minecraft:oak_log":303,"minecraft:chainmail_chestplate":1,"iceandfire:ectoplasm":1,"minecraft:yellow_bed":2,"hexerei:crow_blank_amulet":2,"minecraft:gunpowder":12,"minecraft:paper":1,"minecraft:white_banner":1,"tombstone:gift":1,"irons_spellbooks:rare_ink":1,"irons_spellbooks:common_ink":2,"minecraft:apple":6,"minecraft:stone_bricks":3,"minecraft:kelp":9,"minecraft:iron_ingot":11,"minecraft:cooked_chicken":1,"minecraft:glass_bottle":2,"blocky_siege:cannon_ball_0":11,"minecraft:iron_sword":5,"iceandfire:fire_dragon_flesh":1,"minecraft:book":63,"minecraft:pumpkin":2,"minecraft:dark_oak_slab":1,"minecraft:emerald_block":1,"minecraft:sweet_berries":15,"minecraft:gravel":17,"minecraft:spruce_log":3,"minecraft:spruce_door":3,"minecraft:spider_eye":1,"minecraft:slime_ball":1,"minecraft:iron_helmet":1,"minecraft:acacia_slab":1,"minecraft:brown_banner":2,"minecraft:stripped_dark_oak_log":10,"minecraft:coal":174},"minecraft:killed":{"alexsmobs:lobster":1,"born_in_chaos_v1:zombie_lumberjack":2,"irons_spellbooks:pyromancer":1,"minecraft:spider":7,"iceandfire:stymphalian_bird":2,"minecraft:skeleton":12,"irons_spellbooks:archevoker":1,"minecraft:pig":7,"minecraft:creeper":5,"minecraft:sheep":8,"minecraft:pillager":22,"minecraft:zombie":27,"goety:wraith":1,"born_in_chaos_v1:corpse_fly":2,"born_in_chaos_v1:door_knight":1,"minecraft:cow":17,"minecraft:vindicator":4,"alexsmobs:seagull":1,"born_in_chaos_v1:thornshell_crab":1,"born_in_chaos_v1:maggot":12,"eidolon:wraith":4,"born_in_chaos_v1:barrel_zombie":5,"born_in_chaos_v1:baby_skeleton":1,"born_in_chaos_v1:spirit_guide_assistant":1,"born_in_chaos_v1:decrepit_skeleton":3,"iceandfire:ghost":4},"minecraft:custom":{"minecraft:interact_with_crafting_table":60,"minecraft:open_barrel":119,"minecraft:leave_game":6,"minecraft:time_since_death":12563,"minecraft:damage_resisted":89,"minecraft:sprint_one_cm":1601067,"minecraft:damage_blocked_by_shield":2888,"minecraft:drop":180,"minecraft:play_time":468719,"minecraft:deaths":11,"minecraft:jump":10061,"minecraft:walk_on_water_one_cm":79423,"minecraft:enchant_item":2,"minecraft:interact_with_furnace":67,"minecraft:traded_with_villager":32,"minecraft:sleep_in_bed":11,"minecraft:waystone_activated":3,"minecraft:damage_dealt":32929,"minecraft:player_kills":1,"minecraft:crouch_one_cm":47576,"tombstone:undead_killed":61,"minecraft:mob_kills":155,"minecraft:damage_dealt_resisted":330,"minecraft:climb_one_cm":15316,"minecraft:walk_one_cm":1155342,"minecraft:sneak_time":17872,"minecraft:walk_under_water_one_cm":87603,"minecraft:boat_one_cm":738058,"minecraft:total_world_time":468719,"tombstone:raider_killed":26,"minecraft:raid_trigger":1,"minecraft:time_since_rest":11685,"minecraft:damage_absorbed":160,"minecraft:damage_taken":17970,"tombstone:cast_on_ally":2,"minecraft:swim_one_cm":161272,"minecraft:fly_one_cm":2147973,"minecraft:open_chest":138,"minecraft:fall_one_cm":270674},"minecraft:used":{"irons_spellbooks:inscription_table":1,"minecraft:iron_shovel":243,"minecraft:spruce_slab":4,"minecraft:chest":4,"minecraft:shield":89,"minecraft:iron_sword":302,"minecraft:player_head":1,"minecraft:mutton":11,"securitycraft:keypad_item":1,"minecraft:carrot":9,"minecraft:allium":1,"minecraft:stripped_spruce_log":6,"minecraft:stone_bricks":3,"minecraft:oak_sapling":68,"minecraft:furnace":2,"minecraft:diorite":57,"minecraft:spruce_door":3,"minecraft:stone_pickaxe":202,"minecraft:oak_planks":143,"minecraft:wooden_pickaxe":59,"minecraft:sugar_cane":4,"minecraft:white_wool":2,"minecraft:sand":15,"waystones:waystone":2,"minecraft:bread":170,"minecraft:string":1,"minecraft:diamond_sword":126,"minecraft:oak_boat":6,"minecraft:bone_meal":21,"minecraft:experience_bottle":1,"minecraft:cobweb":1,"minecraft:oak_trapdoor":2,"minecraft:enchanting_table":1,"minecraft:spruce_planks":12,"minecraft:stone_hoe":9,"minecraft:oak_door":1,"minecraft:orange_bed":1,"minecraft:torch":89,"minecraft:brewing_stand":1,"minecraft:dirt":217,"minecraft:spruce_stairs":2,"minecraft:granite":5,"minecraft:dark_oak_planks":8,"minecraft:iron_axe":425,"born_in_chaos_v1:smoldering_scorched_log":3,"minecraft:barrel":3,"minecraft:beef":7,"tombstone:gift":1,"minecraft:cooked_beef":7,"minecraft:cobbled_deepslate":28,"minecraft:enchanted_golden_apple":1,"minecraft:water_bucket":103,"iceandfire:fire_dragon_flesh":1,"minecraft:crafting_table":9,"minecraft:white_bed":1,"tombstone:tablet_of_home":1,"minecraft:oak_log":6,"minecraft:diamond_pickaxe":398,"minecraft:cornflower":1,"minecraft:apple":8,"minecraft:iron_pickaxe":385,"minecraft:suspicious_stew":1,"minecraft:spruce_trapdoor":3,"hexerei:witch_hazel_altar":1,"minecraft:stone_axe":91,"minecraft:cobblestone":230,"minecraft:potion":2,"vinery:cherry":7,"minecraft:cooked_porkchop":2,"minecraft:porkchop":2,"minecraft:bucket":103,"minecraft:yellow_bed":2,"alexsmobs:animal_dictionary":2},"minecraft:mined":{"minecraft:spruce_planks":20,"minecraft:jungle_slab":1,"minecraft:brewing_stand":1,"minecraft:carved_pumpkin":2,"minecraft:obsidian":1,"minecraft:granite":6,"hexerei:candelabra":3,"minecraft:grass_block":172,"minecraft:coal_block":1,"minecraft:spawner":6,"minecraft:magma_block":1,"minecraft:barrel":1,"minecraft:iron_ore":47,"minecraft:fire":6,"born_in_chaos_v1:black_argillite_brick_stairs":12,"minecraft:target":2,"minecraft:deepslate_lapis_ore":9,"minecraft:dark_oak_stairs":3,"iceandfire:gold_pile":17,"minecraft:spruce_slab":1,"minecraft:orange_bed":1,"eidolon:lead_ore":2,"hexerei:witch_hazel_altar":1,"blocky_siege:cannon_ball_3":1,"minecraft:deepslate_redstone_ore":6,"minecraft:powder_snow":11,"minecraft:torch":7,"vinery:red_grape_bush":1,"minecraft:chest":1,"born_in_chaos_v1:smoldering_scorched_log":3,"supplementaries:wild_flax":3,"minecraft:cobblestone":50,"minecraft:sugar_cane":24,"minecraft:oak_planks":2,"minecraft:deepslate_copper_ore":2,"minecraft:dark_oak_slab":1,"minecraft:wheat":1,"born_in_chaos_v1:river_mint":4,"celestisynth:lunar_stone":29,"minecraft:stone_brick_stairs":2,"minecraft:grass":28,"minecraft:oak_log":303,"minecraft:sand":44,"minecraft:dirt":55,"minecraft:crimson_planks":1,"vinery:apple_leaves":13,"minecraft:oak_leaves":144,"minecraft:deepslate":34,"minecraft:emerald_block":1,"eidolon:deep_silver_ore":2,"minecraft:mossy_cobblestone":4,"minecraft:deepslate_diamond_ore":2,"minecraft:candle":17,"minecraft:dark_oak_log":3,"minecraft:dark_oak_fence":6,"minecraft:purple_terracotta":2,"eidolon:silver_ore":1,"minecraft:spruce_fence":4,"blocky_siege:cannon":7,"minecraft:sandstone":18,"minecraft:hay_block":51,"minecraft:oak_trapdoor":2,"minecraft:furnace":1,"minecraft:carrots":2,"minecraft:andesite":18,"minecraft:stripped_spruce_log":15,"minecraft:bookshelf":21,"minecraft:deepslate_iron_ore":7,"minecraft:stripped_oak_log":22,"irons_spellbooks:inscription_table":1,"minecraft:stone":444,"epicsamurai:jade_ore":2,"minecraft:stripped_dark_oak_log":10,"minecraft:spruce_door":3,"minecraft:crafting_table":5,"minecraft:cornflower":1,"minecraft:copper_ore":13,"minecraft:tall_grass":2,"blocky_siege:cannon_ball_1":1,"born_in_chaos_v1:chipped_black_argillite_brick":2,"minecraft:deepslate_gold_ore":10,"minecraft:lapis_ore":6,"minecraft:diorite":87,"supplementaries:urn":9,"minecraft:spruce_stairs":6,"minecraft:stripped_spruce_wood":6,"minecraft:sweet_berry_bush":8,"minecraft:mangrove_leaves":3,"minecraft:yellow_bed":2,"minecraft:coal_ore":157,"blocky_siege:cannon_ball_0":3,"minecraft:gravel":10,"minecraft:cobweb":5,"minecraft:stone_bricks":4,"minecraft:gold_ore":3,"minecraft:dark_oak_planks":1},"minecraft:dropped":{"hexerei:wax_blend":6,"minecraft:iron_sword":3,"minecraft:candle":13,"minecraft:lapis_lazuli":6,"minecraft:glow_ink_sac":2,"minecraft:glass_bottle":6,"minecraft:crafting_table":1,"hexerei:crow_blank_amulet":1,"iceandfire:ectoplasm":1,"vinery:rotten_cherry":2,"minecraft:brown_banner":2,"minecraft:cod":2,"minecraft:dirt":3,"minecraft:cornflower":2,"minecraft:cooked_cod":1,"minecraft:fermented_spider_eye":3,"tombstone:familiar_receptacle":3,"minecraft:bone":8,"minecraft:oak_door":3,"minecraft:sugar_cane":12,"minecraft:iron_nugget":22,"alexsmobs:animal_dictionary":2,"born_in_chaos_v1:fire_dust":1,"minecraft:cobbled_deepslate":4,"minecraft:wheat":3,"tombstone:gift":1,"minecraft:rotten_flesh":17,"minecraft:oak_planks":8,"minecraft:carrot":1,"patchouli:guide_book":1,"supplementaries:ash":10,"minecraft:gunpowder":1,"minecraft:ladder":4,"born_in_chaos_v1:corpse_maggot":4,"minecraft:acacia_slab":1,"minecraft:leather_leggings":1,"minecraft:arrow":1,"minecraft:iron_ingot":2,"minecraft:oak_slab":2,"minecraft:wheat_seeds":17,"minecraft:golden_helmet":1,"minecraft:poisonous_potato":1,"minecraft:prismarine_crystals":3,"minecraft:granite":1,"minecraft:coal":4,"minecraft:stick":34,"irons_spellbooks:scroll":1,"minecraft:cobweb":1,"minecraft:diorite":1,"born_in_chaos_v1:river_mint":5,"tombstone:grave_dust":12,"minecraft:potion":1,"minecraft:oak_stairs":3,"minecraft:white_banner":1,"minecraft:paper":1,"vinery:cherry":6,"iceandfire:dragonbone":10,"minecraft:moss_carpet":6,"minecraft:kelp":3,"hexerei:animal_fat":1,"minecraft:sweet_berries":15,"hexerei:sage_seed":7,"iceandfire:lightning_dragon_heart":1,"minecraft:bowl":1,"minecraft:raw_iron":5,"born_in_chaos_v1:rotten_fish":3,"alexsmobs:blobfish":1,"minecraft:light_gray_wool":1,"sophisticatedbackpacks:backpack":1,"minecraft:filled_map":1,"minecraft:potato":2,"minecraft:hay_block":20,"minecraft:bundle":2,"minecraft:spruce_planks":6,"minecraft:andesite":2,"born_in_chaos_v1:spiny_shell":3,"goety:tall_skull":1,"minecraft:oak_boat":1,"minecraft:oak_sapling":1,"botania:mana_bottle":1,"minecraft:sandstone":2,"minecraft:stone_pickaxe":2,"iceandfire:dragon_skull_lightning":1}},"DataVersion":3120}