{"stats":{"minecraft:dropped":{"minecraft:wheat_seeds":1,"minecraft:glass_bottle":1,"tombstone:gift":1,"alexsmobs:blobfish":1,"minecraft:cobweb":1,"minecraft:potato":2,"minecraft:spruce_planks":3,"born_in_chaos_v1:corpse_maggot":1,"minecraft:oak_sapling":1},"minecraft:crafted":{"minecraft:oak_planks":8,"minecraft:cooked_porkchop":2,"minecraft:wooden_pickaxe":1,"minecraft:stone_axe":1,"minecraft:bread":51,"minecraft:air":0,"minecraft:stick":8,"minecraft:stone_pickaxe":2,"minecraft:wheat":153},"minecraft:broken":{"minecraft:wooden_pickaxe":1},"minecraft:killed":{"born_in_chaos_v1:barrel_zombie":1,"minecraft:pig":2,"minecraft:vindicator":1,"alexsmobs:seagull":1,"born_in_chaos_v1:maggot":2,"minecraft:sheep":1,"minecraft:skeleton":1,"minecraft:pillager":1,"minecraft:zombie":1},"minecraft:custom":{"minecraft:interact_with_furnace":1,"minecraft:mob_kills":14,"tombstone:raider_killed":2,"minecraft:interact_with_crafting_table":5,"minecraft:open_barrel":20,"minecraft:leave_game":2,"minecraft:time_since_death":11006,"minecraft:sleep_in_bed":1,"minecraft:climb_one_cm":6030,"minecraft:time_since_rest":8925,"minecraft:sprint_one_cm":133599,"minecraft:damage_taken":5142,"minecraft:walk_one_cm":234845,"minecraft:drop":10,"minecraft:damage_dealt":3096,"tombstone:cast_on_ally":2,"minecraft:swim_one_cm":56802,"minecraft:fly_one_cm":245621,"minecraft:open_chest":8,"minecraft:crouch_one_cm":8550,"minecraft:play_time":68790,"tombstone:undead_killed":3,"minecraft:deaths":4,"minecraft:sneak_time":3753,"minecraft:walk_under_water_one_cm":11424,"minecraft:boat_one_cm":44525,"minecraft:jump":1043,"minecraft:walk_on_water_one_cm":10836,"minecraft:total_world_time":68790,"minecraft:fall_one_cm":18762},"minecraft:mined":{"minecraft:spruce_planks":3,"minecraft:jungle_slab":1,"minecraft:powder_snow":11,"minecraft:crafting_table":4,"minecraft:purple_terracotta":2,"vinery:red_grape_bush":1,"minecraft:grass_block":4,"minecraft:coal_block":1,"minecraft:cobblestone":3,"minecraft:sugar_cane":5,"minecraft:oak_planks":1,"minecraft:hay_block":21,"minecraft:furnace":1,"minecraft:sweet_berry_bush":8,"minecraft:iron_ore":1,"minecraft:fire":4,"minecraft:yellow_bed":1,"minecraft:dark_oak_stairs":1,"minecraft:grass":2,"minecraft:coal_ore":32,"minecraft:oak_log":18,"minecraft:stripped_oak_log":16,"minecraft:crimson_planks":1,"minecraft:stone":116,"minecraft:oak_leaves":1},"minecraft:picked_up":{"minecraft:stripped_oak_log":16,"born_in_chaos_v1:corpse_maggot":4,"minecraft:crafting_table":4,"born_in_chaos_v1:monster_flesh":1,"minecraft:prismarine_shard":4,"vinery:red_grape_seeds":3,"minecraft:oak_log":17,"minecraft:yellow_bed":1,"minecraft:dirt":4,"tombstone:gift":1,"born_in_chaos_v1:monster_skin":1,"minecraft:wheat_seeds":1,"minecraft:spruce_planks":3,"minecraft:iron_ingot":2,"minecraft:oak_boat":3,"born_in_chaos_v1:gnawed_bones":1,"tombstone:scroll_of_reach":1,"minecraft:glass_bottle":1,"minecraft:coal_block":1,"minecraft:sugar_cane":12,"minecraft:furnace":1,"minecraft:raw_iron":2,"minecraft:sweet_berries":15,"minecraft:torch":4,"minecraft:porkchop":5,"minecraft:jungle_planks":7,"tombstone:grave_dust":1,"minecraft:ink_sac":2,"minecraft:carrot":1,"minecraft:jungle_slab":19,"minecraft:purple_terracotta":2,"hexerei:sage_seed":1,"minecraft:rotten_flesh":5,"minecraft:cooked_cod":1,"minecraft:iron_helmet":1,"minecraft:hay_block":19,"minecraft:emerald":1,"minecraft:mutton":1,"minecraft:coal":49,"minecraft:white_wool":1,"minecraft:cobblestone":120},"minecraft:killed_by":{"minecraft:vindicator":2,"born_in_chaos_v1:zombie_lumberjack":1},"minecraft:used":{"minecraft:water_bucket":2,"minecraft:stone_pickaxe":101,"minecraft:wooden_pickaxe":59,"minecraft:dirt":4,"minecraft:crafting_table":1,"minecraft:bread":19,"minecraft:stone_axe":74,"minecraft:cobblestone":33,"minecraft:bucket":2,"tombstone:gift":1,"minecraft:yellow_bed":1,"alexsmobs:animal_dictionary":1,"minecraft:oak_boat":3}},"DataVersion":3120}