{"stats":{"minecraft:killed_by":{"minecraft:vindicator":3,"alexsmobs:crocodile":1,"minecraft:zombie":1,"iceandfire:fire_dragon":1,"minecraft:player":1,"born_in_chaos_v1:zombie_lumberjack":1},"minecraft:broken":{"minecraft:iron_boots":1,"minecraft:iron_leggings":1,"minecraft:stone_axe":1,"minecraft:wooden_pickaxe":1,"minecraft:shield":1,"minecraft:iron_helmet":1},"minecraft:crafted":{"minecraft:oak_planks":216,"minecraft:chain":3,"minecraft:stone":36,"securitycraft:keypad_item":1,"minecraft:heavy_weighted_pressure_plate":1,"minecraft:iron_boots":1,"minecraft:chest":2,"sophisticatedbackpacks:backpack":2,"minecraft:emerald":73,"minecraft:cooked_porkchop":2,"minecraft:crafting_table":8,"minecraft:spruce_planks":12,"minecraft:iron_helmet":1,"minecraft:wooden_pickaxe":1,"minecraft:copper_ingot":36,"minecraft:diamond_pickaxe":1,"minecraft:iron_chestplate":1,"minecraft:paper":6,"minecraft:shield":1,"minecraft:stick":24,"minecraft:iron_pickaxe":2,"minecraft:iron_ingot":40,"minecraft:oak_door":3,"minecraft:iron_nugget":9,"minecraft:furnace":2,"minecraft:stone_button":8,"minecraft:bone_meal":15,"minecraft:iron_axe":1,"minecraft:stone_pickaxe":2,"minecraft:wheat":433,"iceandfire:chain":1,"minecraft:cooked_beef":11,"minecraft:stripped_oak_wood":3,"minecraft:stone_axe":1,"born_in_chaos_v1:scorched_planks":12,"minecraft:bread":156,"minecraft:air":0,"minecraft:oak_boat":1,"minecraft:iron_shovel":1,"minecraft:white_bed":1,"minecraft:torch":76},"minecraft:picked_up":{"irons_spellbooks:scroll":2,"minecraft:wheat":9,"minecraft:prismarine_shard":10,"vinery:red_grape_seeds":3,"minecraft:oak_stairs":1,"minecraft:potion":1,"minecraft:string":11,"minecraft:raw_copper":53,"minecraft:iron_leggings":1,"irons_spellbooks:arcane_essence":3,"minecraft:gold_nugget":154,"minecraft:cobbled_deepslate":32,"minecraft:spruce_planks":4,"celestisynth:lunar_stone":31,"born_in_chaos_v1:smoldering_scorched_log":3,"minecraft:coal_block":1,"irons_spellbooks:inscription_table":1,"minecraft:furnace":1,"minecraft:stick":27,"minecraft:torch":14,"minecraft:porkchop":13,"tombstone:grave_dust":11,"minecraft:diorite":1,"minecraft:orange_bed":1,"hexerei:candelabra":3,"minecraft:rotten_flesh":23,"supplementaries:quiver":1,"supplementaries:ash":18,"minecraft:blaze_rod":5,"minecraft:obsidian":3,"minecraft:cod":1,"minecraft:cobblestone":283,"eidolon:raw_silver":3,"minecraft:andesite":6,"minecraft:flint":3,"supplementaries:flax_seeds":5,"minecraft:lapis_lazuli":74,"minecraft:dirt":211,"tombstone:familiar_receptacle":4,"born_in_chaos_v1:monster_skin":1,"minecraft:bone":21,"minecraft:wheat_seeds":14,"minecraft:raw_gold":13,"tombstone:scroll_of_reach":1,"minecraft:oak_planks":9,"hexerei:animal_fat":15,"goety:jade":5,"minecraft:sand":39,"minecraft:poisonous_potato":1,"minecraft:jungle_planks":7,"sophisticatedbackpacks:iron_backpack":1,"minecraft:ink_sac":2,"minecraft:fermented_spider_eye":3,"iceandfire:lightning_dragon_heart":1,"minecraft:jungle_slab":19,"alexsmobs:animal_dictionary":1,"minecraft:mossy_cobblestone":4,"hexerei:witch_hazel_altar":1,"minecraft:bundle":3,"eidolon:raw_lead":2,"minecraft:yellow_carpet":1,"born_in_chaos_v1:fire_dust":1,"minecraft:diamond":2,"waystones:waystone":5,"minecraft:granite":7,"goety:tall_skull":1,"minecraft:emerald":9,"minecraft:oak_sapling":41,"born_in_chaos_v1:rotten_fish":2,"iceandfire:dragon_skull_lightning":2,"minecraft:crafting_table":5,"minecraft:allium":1,"blocky_siege:cannon":6,"born_in_chaos_v1:river_mint":5,"iceandfire:chain":3,"minecraft:shield":1,"minecraft:cornflower":3,"epicsamurai:jade":2,"minecraft:candle":43,"minecraft:beef":24,"minecraft:oak_boat":8,"born_in_chaos_v1:gnawed_bones":1,"minecraft:player_head":1,"minecraft:light_gray_wool":1,"minecraft:sugar_cane":31,"minecraft:chest":2,"minecraft:raw_iron":55,"minecraft:sandstone":2,"iceandfire:dragonbone":10,"minecraft:oak_door":1,"botania:mana_bottle":1,"minecraft:spruce_fence":4,"minecraft:carrot":1,"minecraft:redstone":26,"minecraft:prismarine_crystals":3,"minecraft:purple_terracotta":2,"hexerei:sage_seed":10,"irons_spellbooks:evocation_rune":1,"minecraft:arrow":11,"minecraft:cooked_cod":1,"minecraft:hay_block":67,"born_in_chaos_v1:spiny_shell":3,"minecraft:mutton":12,"minecraft:white_wool":6,"minecraft:stripped_oak_log":16,"born_in_chaos_v1:corpse_maggot":6,"born_in_chaos_v1:monster_flesh":1,"minecraft:glow_ink_sac":2,"minecraft:leather":19,"minecraft:filled_map":1,"minecraft:oak_log":188,"minecraft:chainmail_chestplate":1,"iceandfire:ectoplasm":1,"minecraft:yellow_bed":2,"hexerei:crow_blank_amulet":2,"minecraft:gunpowder":12,"minecraft:paper":1,"minecraft:white_banner":1,"tombstone:gift":1,"irons_spellbooks:common_ink":2,"minecraft:apple":4,"minecraft:stone_bricks":3,"minecraft:kelp":6,"minecraft:iron_ingot":11,"minecraft:glass_bottle":2,"blocky_siege:cannon_ball_0":11,"minecraft:iron_sword":5,"iceandfire:fire_dragon_flesh":1,"minecraft:pumpkin":2,"minecraft:dark_oak_slab":1,"minecraft:emerald_block":1,"minecraft:sweet_berries":15,"minecraft:gravel":17,"minecraft:spruce_log":3,"minecraft:spider_eye":1,"minecraft:iron_helmet":1,"minecraft:acacia_slab":1,"minecraft:brown_banner":2,"minecraft:coal":133},"minecraft:killed":{"alexsmobs:lobster":1,"born_in_chaos_v1:zombie_lumberjack":2,"minecraft:spider":6,"iceandfire:stymphalian_bird":2,"minecraft:skeleton":11,"irons_spellbooks:archevoker":1,"minecraft:pig":7,"minecraft:creeper":5,"minecraft:sheep":8,"minecraft:pillager":18,"minecraft:zombie":23,"born_in_chaos_v1:corpse_fly":2,"born_in_chaos_v1:door_knight":1,"minecraft:cow":16,"minecraft:vindicator":4,"alexsmobs:seagull":1,"born_in_chaos_v1:thornshell_crab":1,"born_in_chaos_v1:maggot":9,"eidolon:wraith":4,"born_in_chaos_v1:barrel_zombie":3,"born_in_chaos_v1:baby_skeleton":1,"born_in_chaos_v1:spirit_guide_assistant":1,"born_in_chaos_v1:decrepit_skeleton":3,"iceandfire:ghost":1},"minecraft:custom":{"minecraft:interact_with_crafting_table":45,"minecraft:open_barrel":82,"minecraft:leave_game":6,"minecraft:time_since_death":39669,"minecraft:damage_resisted":89,"minecraft:sprint_one_cm":1202359,"minecraft:damage_blocked_by_shield":2848,"minecraft:drop":154,"minecraft:play_time":366719,"minecraft:deaths":9,"minecraft:jump":7990,"minecraft:walk_on_water_one_cm":61830,"minecraft:interact_with_furnace":62,"minecraft:traded_with_villager":32,"minecraft:sleep_in_bed":11,"minecraft:waystone_activated":2,"minecraft:damage_dealt":24836,"minecraft:player_kills":1,"minecraft:crouch_one_cm":42465,"tombstone:undead_killed":50,"minecraft:mob_kills":134,"minecraft:damage_dealt_resisted":330,"minecraft:climb_one_cm":14789,"minecraft:walk_one_cm":923684,"minecraft:sneak_time":15594,"minecraft:walk_under_water_one_cm":63768,"minecraft:boat_one_cm":738058,"minecraft:total_world_time":366719,"tombstone:raider_killed":22,"minecraft:raid_trigger":1,"minecraft:time_since_rest":23428,"minecraft:damage_absorbed":160,"minecraft:damage_taken":15692,"tombstone:cast_on_ally":2,"minecraft:swim_one_cm":144333,"minecraft:fly_one_cm":1737862,"minecraft:open_chest":101,"minecraft:fall_one_cm":226667},"minecraft:used":{"irons_spellbooks:inscription_table":1,"minecraft:iron_shovel":243,"minecraft:chest":2,"minecraft:shield":88,"minecraft:iron_sword":302,"minecraft:player_head":1,"minecraft:mutton":11,"securitycraft:keypad_item":1,"minecraft:allium":1,"minecraft:stone_bricks":3,"minecraft:oak_sapling":38,"minecraft:furnace":2,"minecraft:stone_pickaxe":202,"minecraft:oak_planks":100,"minecraft:wooden_pickaxe":59,"minecraft:sugar_cane":4,"minecraft:white_wool":2,"waystones:waystone":1,"minecraft:bread":132,"minecraft:string":1,"minecraft:diamond_sword":36,"minecraft:oak_boat":6,"minecraft:bone_meal":15,"minecraft:cobweb":1,"minecraft:spruce_planks":10,"minecraft:oak_door":1,"minecraft:orange_bed":1,"minecraft:torch":64,"minecraft:dirt":211,"minecraft:iron_axe":201,"born_in_chaos_v1:smoldering_scorched_log":3,"minecraft:beef":7,"tombstone:gift":1,"minecraft:cooked_beef":7,"minecraft:cobbled_deepslate":27,"minecraft:enchanted_golden_apple":1,"minecraft:water_bucket":96,"iceandfire:fire_dragon_flesh":1,"minecraft:crafting_table":9,"minecraft:white_bed":1,"tombstone:tablet_of_home":1,"minecraft:diamond_pickaxe":296,"minecraft:cornflower":1,"minecraft:apple":8,"minecraft:iron_pickaxe":123,"minecraft:suspicious_stew":1,"hexerei:witch_hazel_altar":1,"minecraft:stone_axe":91,"minecraft:cobblestone":150,"minecraft:potion":2,"minecraft:cooked_porkchop":2,"minecraft:porkchop":2,"minecraft:bucket":96,"minecraft:yellow_bed":2,"alexsmobs:animal_dictionary":2},"minecraft:mined":{"minecraft:spruce_planks":4,"minecraft:jungle_slab":1,"minecraft:obsidian":1,"minecraft:granite":6,"hexerei:candelabra":3,"minecraft:grass_block":171,"minecraft:coal_block":1,"minecraft:spawner":3,"minecraft:magma_block":1,"minecraft:iron_ore":47,"minecraft:fire":6,"born_in_chaos_v1:black_argillite_brick_stairs":12,"minecraft:deepslate_lapis_ore":9,"minecraft:dark_oak_stairs":3,"iceandfire:gold_pile":17,"minecraft:orange_bed":1,"eidolon:lead_ore":2,"hexerei:witch_hazel_altar":1,"blocky_siege:cannon_ball_3":1,"minecraft:deepslate_redstone_ore":6,"minecraft:powder_snow":11,"minecraft:torch":7,"vinery:red_grape_bush":1,"minecraft:chest":1,"born_in_chaos_v1:smoldering_scorched_log":3,"supplementaries:wild_flax":3,"minecraft:cobblestone":21,"minecraft:sugar_cane":13,"minecraft:oak_planks":2,"minecraft:deepslate_copper_ore":2,"minecraft:dark_oak_slab":1,"minecraft:wheat":1,"born_in_chaos_v1:river_mint":4,"celestisynth:lunar_stone":29,"minecraft:stone_brick_stairs":2,"minecraft:grass":24,"minecraft:oak_log":187,"minecraft:sand":40,"minecraft:dirt":38,"minecraft:crimson_planks":1,"vinery:apple_leaves":13,"minecraft:oak_leaves":111,"minecraft:deepslate":34,"minecraft:emerald_block":1,"eidolon:deep_silver_ore":2,"minecraft:mossy_cobblestone":4,"minecraft:deepslate_diamond_ore":2,"minecraft:candle":17,"minecraft:purple_terracotta":2,"eidolon:silver_ore":1,"minecraft:spruce_fence":4,"blocky_siege:cannon":7,"minecraft:sandstone":18,"minecraft:hay_block":51,"minecraft:furnace":1,"minecraft:andesite":6,"minecraft:deepslate_iron_ore":7,"minecraft:stripped_oak_log":16,"irons_spellbooks:inscription_table":1,"minecraft:stone":263,"epicsamurai:jade_ore":2,"minecraft:crafting_table":5,"minecraft:cornflower":1,"minecraft:copper_ore":12,"minecraft:tall_grass":1,"blocky_siege:cannon_ball_1":1,"born_in_chaos_v1:chipped_black_argillite_brick":2,"minecraft:deepslate_gold_ore":10,"minecraft:lapis_ore":4,"minecraft:diorite":2,"supplementaries:urn":9,"minecraft:sweet_berry_bush":8,"minecraft:mangrove_leaves":3,"minecraft:yellow_bed":2,"minecraft:coal_ore":116,"blocky_siege:cannon_ball_0":3,"minecraft:gravel":10,"minecraft:cobweb":5,"minecraft:stone_bricks":4,"minecraft:gold_ore":3},"minecraft:dropped":{"hexerei:wax_blend":6,"minecraft:iron_sword":3,"minecraft:candle":13,"minecraft:lapis_lazuli":6,"minecraft:glow_ink_sac":2,"minecraft:glass_bottle":6,"minecraft:crafting_table":1,"hexerei:crow_blank_amulet":1,"iceandfire:ectoplasm":1,"minecraft:brown_banner":2,"minecraft:cod":1,"minecraft:cornflower":2,"minecraft:cooked_cod":1,"minecraft:fermented_spider_eye":3,"tombstone:familiar_receptacle":3,"minecraft:bone":6,"minecraft:oak_door":3,"minecraft:sugar_cane":12,"minecraft:iron_nugget":22,"alexsmobs:animal_dictionary":2,"born_in_chaos_v1:fire_dust":1,"minecraft:cobbled_deepslate":4,"minecraft:wheat":3,"tombstone:gift":1,"minecraft:rotten_flesh":11,"minecraft:oak_planks":8,"patchouli:guide_book":1,"supplementaries:ash":10,"minecraft:gunpowder":1,"born_in_chaos_v1:corpse_maggot":3,"minecraft:acacia_slab":1,"minecraft:leather_leggings":1,"minecraft:iron_ingot":2,"minecraft:wheat_seeds":14,"minecraft:golden_helmet":1,"minecraft:prismarine_crystals":3,"minecraft:granite":1,"minecraft:coal":4,"minecraft:stick":2,"irons_spellbooks:scroll":1,"minecraft:cobweb":1,"minecraft:diorite":1,"born_in_chaos_v1:river_mint":5,"tombstone:grave_dust":11,"minecraft:potion":1,"minecraft:oak_stairs":3,"minecraft:white_banner":1,"minecraft:paper":1,"iceandfire:dragonbone":10,"minecraft:kelp":3,"hexerei:animal_fat":1,"minecraft:sweet_berries":15,"hexerei:sage_seed":3,"iceandfire:lightning_dragon_heart":1,"minecraft:bowl":1,"minecraft:raw_iron":5,"born_in_chaos_v1:rotten_fish":2,"alexsmobs:blobfish":1,"minecraft:light_gray_wool":1,"sophisticatedbackpacks:backpack":1,"minecraft:filled_map":1,"minecraft:potato":2,"minecraft:hay_block":20,"minecraft:bundle":2,"minecraft:spruce_planks":6,"minecraft:andesite":2,"born_in_chaos_v1:spiny_shell":3,"goety:tall_skull":1,"minecraft:oak_boat":1,"minecraft:oak_sapling":1,"botania:mana_bottle":1,"minecraft:sandstone":2,"minecraft:stone_pickaxe":2,"iceandfire:dragon_skull_lightning":1}},"DataVersion":3120}