{"stats":{"minecraft:crafted":{"minecraft:oak_planks":168,"minecraft:chain":3,"minecraft:iron_boots":1,"minecraft:chest":1,"sophisticatedbackpacks:backpack":2,"minecraft:emerald":73,"minecraft:cooked_porkchop":2,"minecraft:crafting_table":8,"minecraft:spruce_planks":12,"minecraft:wooden_pickaxe":1,"minecraft:iron_helmet":1,"minecraft:iron_chestplate":1,"minecraft:diamond_pickaxe":1,"minecraft:shield":1,"minecraft:stick":24,"minecraft:iron_ingot":40,"minecraft:oak_door":3,"minecraft:iron_nugget":9,"minecraft:furnace":2,"minecraft:iron_axe":1,"minecraft:stone_pickaxe":2,"minecraft:wheat":280,"iceandfire:chain":1,"minecraft:cooked_beef":9,"minecraft:stripped_oak_wood":3,"minecraft:stone_axe":1,"born_in_chaos_v1:scorched_planks":12,"minecraft:bread":105,"minecraft:air":0,"minecraft:oak_boat":1,"minecraft:iron_shovel":1,"minecraft:white_bed":1,"minecraft:torch":32},"minecraft:dropped":{"hexerei:wax_blend":6,"minecraft:iron_sword":3,"minecraft:candle":13,"minecraft:lapis_lazuli":6,"minecraft:glow_ink_sac":2,"minecraft:glass_bottle":6,"minecraft:crafting_table":1,"hexerei:crow_blank_amulet":1,"iceandfire:ectoplasm":1,"minecraft:brown_banner":2,"minecraft:cod":1,"minecraft:cornflower":2,"minecraft:cooked_cod":1,"minecraft:fermented_spider_eye":3,"tombstone:familiar_receptacle":3,"minecraft:bone":6,"minecraft:oak_door":3,"minecraft:sugar_cane":12,"minecraft:iron_nugget":22,"born_in_chaos_v1:fire_dust":1,"alexsmobs:animal_dictionary":2,"minecraft:cobbled_deepslate":3,"minecraft:wheat":3,"tombstone:gift":1,"minecraft:rotten_flesh":11,"minecraft:oak_planks":8,"patchouli:guide_book":1,"supplementaries:ash":10,"minecraft:acacia_slab":1,"born_in_chaos_v1:corpse_maggot":3,"minecraft:leather_leggings":1,"minecraft:iron_ingot":2,"minecraft:wheat_seeds":12,"minecraft:golden_helmet":1,"minecraft:prismarine_crystals":3,"minecraft:coal":4,"minecraft:stick":2,"irons_spellbooks:scroll":1,"minecraft:cobweb":1,"born_in_chaos_v1:river_mint":4,"tombstone:grave_dust":9,"minecraft:potion":1,"minecraft:oak_stairs":3,"minecraft:white_banner":1,"minecraft:paper":1,"iceandfire:dragonbone":10,"hexerei:animal_fat":1,"minecraft:sweet_berries":15,"hexerei:sage_seed":3,"iceandfire:lightning_dragon_heart":1,"minecraft:bowl":1,"minecraft:raw_iron":5,"born_in_chaos_v1:rotten_fish":2,"alexsmobs:blobfish":1,"minecraft:light_gray_wool":1,"sophisticatedbackpacks:backpack":1,"minecraft:filled_map":1,"minecraft:potato":2,"minecraft:hay_block":20,"minecraft:spruce_planks":6,"minecraft:bundle":2,"born_in_chaos_v1:spiny_shell":3,"minecraft:oak_sapling":1,"goety:tall_skull":1,"minecraft:oak_boat":1,"botania:mana_bottle":1,"minecraft:sandstone":2,"minecraft:stone_pickaxe":2,"iceandfire:dragon_skull_lightning":1},"minecraft:broken":{"minecraft:iron_boots":1,"minecraft:stone_axe":1,"minecraft:wooden_pickaxe":1,"minecraft:shield":1,"minecraft:iron_helmet":1},"minecraft:killed":{"alexsmobs:lobster":1,"born_in_chaos_v1:zombie_lumberjack":2,"minecraft:spider":6,"iceandfire:stymphalian_bird":2,"minecraft:skeleton":9,"irons_spellbooks:archevoker":1,"minecraft:pig":3,"minecraft:creeper":3,"minecraft:sheep":8,"minecraft:pillager":18,"minecraft:zombie":20,"born_in_chaos_v1:corpse_fly":2,"born_in_chaos_v1:door_knight":1,"minecraft:cow":16,"minecraft:vindicator":4,"alexsmobs:seagull":1,"born_in_chaos_v1:thornshell_crab":1,"born_in_chaos_v1:maggot":9,"eidolon:wraith":3,"born_in_chaos_v1:barrel_zombie":2,"born_in_chaos_v1:baby_skeleton":1,"born_in_chaos_v1:spirit_guide_assistant":1,"born_in_chaos_v1:decrepit_skeleton":3,"iceandfire:ghost":1},"minecraft:custom":{"minecraft:interact_with_crafting_table":36,"minecraft:open_barrel":82,"minecraft:leave_game":2,"minecraft:time_since_death":41968,"minecraft:damage_resisted":89,"minecraft:sprint_one_cm":980392,"minecraft:damage_blocked_by_shield":2543,"minecraft:drop":143,"minecraft:play_time":302790,"minecraft:deaths":8,"minecraft:jump":6828,"minecraft:walk_on_water_one_cm":52806,"minecraft:interact_with_furnace":44,"minecraft:traded_with_villager":32,"minecraft:sleep_in_bed":10,"minecraft:waystone_activated":2,"minecraft:damage_dealt":22207,"minecraft:player_kills":1,"minecraft:crouch_one_cm":30279,"tombstone:undead_killed":43,"minecraft:mob_kills":121,"minecraft:damage_dealt_resisted":330,"minecraft:climb_one_cm":14789,"minecraft:walk_one_cm":789226,"minecraft:sneak_time":11536,"minecraft:walk_under_water_one_cm":51438,"minecraft:boat_one_cm":738058,"minecraft:total_world_time":302790,"tombstone:raider_killed":22,"minecraft:raid_trigger":1,"minecraft:time_since_rest":22325,"minecraft:damage_taken":14541,"minecraft:damage_absorbed":160,"tombstone:cast_on_ally":2,"minecraft:swim_one_cm":127142,"minecraft:fly_one_cm":1506200,"minecraft:open_chest":73,"minecraft:fall_one_cm":193444},"minecraft:mined":{"minecraft:spruce_planks":4,"minecraft:jungle_slab":1,"hexerei:candelabra":3,"minecraft:grass_block":111,"minecraft:coal_block":1,"minecraft:spawner":3,"minecraft:magma_block":1,"minecraft:iron_ore":35,"minecraft:fire":6,"born_in_chaos_v1:black_argillite_brick_stairs":12,"minecraft:dark_oak_stairs":3,"iceandfire:gold_pile":17,"minecraft:orange_bed":1,"hexerei:witch_hazel_altar":1,"blocky_siege:cannon_ball_3":1,"minecraft:powder_snow":11,"vinery:red_grape_bush":1,"minecraft:chest":1,"born_in_chaos_v1:smoldering_scorched_log":3,"minecraft:cobblestone":13,"minecraft:sugar_cane":5,"minecraft:oak_planks":2,"minecraft:dark_oak_slab":1,"minecraft:wheat":1,"born_in_chaos_v1:river_mint":3,"celestisynth:lunar_stone":29,"minecraft:stone_brick_stairs":2,"minecraft:grass":19,"minecraft:oak_log":42,"minecraft:sand":1,"minecraft:dirt":3,"minecraft:crimson_planks":1,"minecraft:oak_leaves":46,"minecraft:deepslate":6,"minecraft:emerald_block":1,"minecraft:mossy_cobblestone":4,"minecraft:candle":17,"minecraft:purple_terracotta":2,"minecraft:spruce_fence":4,"blocky_siege:cannon":7,"minecraft:sandstone":18,"minecraft:hay_block":51,"minecraft:furnace":1,"minecraft:deepslate_iron_ore":3,"minecraft:stripped_oak_log":16,"irons_spellbooks:inscription_table":1,"minecraft:stone":177,"minecraft:cornflower":1,"minecraft:crafting_table":5,"minecraft:tall_grass":1,"blocky_siege:cannon_ball_1":1,"born_in_chaos_v1:chipped_black_argillite_brick":2,"minecraft:lapis_ore":3,"minecraft:diorite":1,"supplementaries:urn":5,"minecraft:sweet_berry_bush":8,"minecraft:mangrove_leaves":3,"minecraft:yellow_bed":2,"minecraft:coal_ore":42,"blocky_siege:cannon_ball_0":3,"minecraft:cobweb":5,"minecraft:stone_bricks":4},"minecraft:picked_up":{"irons_spellbooks:scroll":2,"minecraft:wheat":9,"minecraft:prismarine_shard":4,"vinery:red_grape_seeds":3,"minecraft:oak_stairs":1,"minecraft:potion":1,"minecraft:string":11,"minecraft:raw_copper":3,"minecraft:iron_leggings":1,"irons_spellbooks:arcane_essence":3,"minecraft:gold_nugget":154,"minecraft:cobbled_deepslate":7,"minecraft:spruce_planks":4,"celestisynth:lunar_stone":31,"born_in_chaos_v1:smoldering_scorched_log":3,"minecraft:coal_block":1,"irons_spellbooks:inscription_table":1,"minecraft:furnace":1,"minecraft:stick":4,"minecraft:torch":6,"minecraft:porkchop":7,"tombstone:grave_dust":9,"minecraft:orange_bed":1,"hexerei:candelabra":3,"minecraft:rotten_flesh":22,"supplementaries:quiver":1,"supplementaries:ash":10,"minecraft:blaze_rod":5,"minecraft:obsidian":2,"minecraft:cod":1,"minecraft:cobblestone":190,"minecraft:lapis_lazuli":17,"minecraft:dirt":116,"tombstone:familiar_receptacle":4,"born_in_chaos_v1:monster_skin":1,"minecraft:bone":19,"minecraft:wheat_seeds":12,"tombstone:scroll_of_reach":1,"minecraft:oak_planks":9,"hexerei:animal_fat":13,"goety:jade":5,"minecraft:jungle_planks":7,"minecraft:ink_sac":2,"iceandfire:lightning_dragon_heart":1,"minecraft:fermented_spider_eye":3,"minecraft:jungle_slab":19,"alexsmobs:animal_dictionary":1,"minecraft:mossy_cobblestone":4,"hexerei:witch_hazel_altar":1,"minecraft:bundle":3,"minecraft:yellow_carpet":1,"born_in_chaos_v1:fire_dust":1,"waystones:waystone":5,"goety:tall_skull":1,"minecraft:emerald":3,"minecraft:oak_sapling":4,"born_in_chaos_v1:rotten_fish":2,"iceandfire:dragon_skull_lightning":2,"minecraft:crafting_table":5,"minecraft:allium":1,"blocky_siege:cannon":6,"born_in_chaos_v1:river_mint":4,"iceandfire:chain":3,"minecraft:shield":1,"minecraft:cornflower":3,"minecraft:candle":43,"minecraft:beef":24,"minecraft:oak_boat":8,"born_in_chaos_v1:gnawed_bones":1,"minecraft:player_head":1,"minecraft:light_gray_wool":1,"minecraft:sugar_cane":12,"minecraft:chest":2,"minecraft:raw_iron":39,"minecraft:sandstone":2,"iceandfire:dragonbone":10,"minecraft:oak_door":1,"botania:mana_bottle":1,"minecraft:spruce_fence":4,"minecraft:carrot":1,"minecraft:prismarine_crystals":3,"minecraft:purple_terracotta":2,"irons_spellbooks:evocation_rune":1,"hexerei:sage_seed":10,"minecraft:arrow":10,"minecraft:cooked_cod":1,"minecraft:hay_block":67,"born_in_chaos_v1:spiny_shell":3,"minecraft:mutton":12,"minecraft:white_wool":6,"minecraft:stripped_oak_log":16,"born_in_chaos_v1:corpse_maggot":6,"born_in_chaos_v1:monster_flesh":1,"minecraft:glow_ink_sac":2,"minecraft:leather":19,"minecraft:filled_map":1,"minecraft:oak_log":45,"minecraft:chainmail_chestplate":1,"iceandfire:ectoplasm":1,"hexerei:crow_blank_amulet":2,"minecraft:yellow_bed":2,"minecraft:gunpowder":9,"minecraft:white_banner":1,"minecraft:paper":1,"tombstone:gift":1,"irons_spellbooks:common_ink":2,"minecraft:stone_bricks":3,"minecraft:iron_ingot":11,"minecraft:glass_bottle":2,"blocky_siege:cannon_ball_0":11,"minecraft:iron_sword":5,"iceandfire:fire_dragon_flesh":1,"minecraft:emerald_block":1,"minecraft:dark_oak_slab":1,"minecraft:pumpkin":2,"minecraft:sweet_berries":15,"minecraft:spruce_log":3,"minecraft:spider_eye":1,"minecraft:iron_helmet":1,"minecraft:acacia_slab":1,"minecraft:brown_banner":2,"minecraft:coal":59},"minecraft:killed_by":{"minecraft:vindicator":3,"alexsmobs:crocodile":1,"iceandfire:fire_dragon":1,"minecraft:player":1,"born_in_chaos_v1:zombie_lumberjack":1},"minecraft:used":{"irons_spellbooks:inscription_table":1,"minecraft:iron_shovel":113,"minecraft:chest":1,"minecraft:shield":84,"minecraft:iron_sword":302,"minecraft:player_head":1,"minecraft:mutton":11,"minecraft:allium":1,"minecraft:stone_bricks":3,"minecraft:oak_sapling":2,"minecraft:furnace":2,"minecraft:stone_pickaxe":202,"minecraft:oak_planks":100,"minecraft:wooden_pickaxe":59,"minecraft:white_wool":2,"waystones:waystone":1,"minecraft:bread":111,"minecraft:string":1,"minecraft:diamond_sword":3,"minecraft:oak_boat":6,"minecraft:cobweb":1,"minecraft:spruce_planks":10,"minecraft:oak_door":1,"minecraft:orange_bed":1,"minecraft:torch":14,"minecraft:dirt":116,"minecraft:iron_axe":30,"born_in_chaos_v1:smoldering_scorched_log":3,"minecraft:beef":7,"tombstone:gift":1,"minecraft:cooked_beef":5,"minecraft:cobbled_deepslate":4,"minecraft:enchanted_golden_apple":1,"minecraft:water_bucket":93,"iceandfire:fire_dragon_flesh":1,"minecraft:crafting_table":9,"minecraft:white_bed":1,"tombstone:tablet_of_home":1,"minecraft:cornflower":1,"minecraft:apple":8,"minecraft:diamond_pickaxe":128,"minecraft:suspicious_stew":1,"hexerei:witch_hazel_altar":1,"minecraft:stone_axe":91,"minecraft:cobblestone":128,"minecraft:potion":2,"minecraft:cooked_porkchop":2,"minecraft:porkchop":2,"minecraft:bucket":93,"minecraft:yellow_bed":2,"alexsmobs:animal_dictionary":2}},"DataVersion":3120}