{"stats":{"minecraft:crafted":{"minecraft:oak_planks":8,"minecraft:stone_pickaxe":2,"minecraft:wheat":153,"minecraft:cooked_porkchop":2,"minecraft:wooden_pickaxe":1,"minecraft:stone_axe":1,"minecraft:bread":51,"minecraft:air":0,"minecraft:stick":8},"minecraft:dropped":{"minecraft:iron_sword":1,"hexerei:wax_blend":6,"minecraft:wheat_seeds":6,"minecraft:golden_helmet":1,"minecraft:glass_bottle":1,"hexerei:crow_blank_amulet":1,"minecraft:brown_banner":2,"minecraft:coal":4,"minecraft:cod":1,"minecraft:cobweb":1,"minecraft:cooked_cod":1,"tombstone:grave_dust":1,"minecraft:white_banner":1,"iceandfire:dragonbone":10,"minecraft:sugar_cane":12,"minecraft:iron_nugget":19,"iceandfire:lightning_dragon_heart":1,"minecraft:bowl":1,"tombstone:gift":1,"born_in_chaos_v1:rotten_fish":2,"alexsmobs:blobfish":1,"minecraft:filled_map":1,"minecraft:potato":2,"minecraft:hay_block":2,"minecraft:spruce_planks":3,"born_in_chaos_v1:spiny_shell":3,"born_in_chaos_v1:corpse_maggot":1,"minecraft:acacia_slab":1,"goety:tall_skull":1,"minecraft:oak_sapling":1,"minecraft:stone_pickaxe":1},"minecraft:broken":{"minecraft:wooden_pickaxe":1,"minecraft:stone_axe":1},"minecraft:killed":{"minecraft:vindicator":1,"alexsmobs:seagull":1,"born_in_chaos_v1:thornshell_crab":1,"born_in_chaos_v1:maggot":2,"minecraft:skeleton":1,"born_in_chaos_v1:barrel_zombie":1,"minecraft:pig":2,"minecraft:sheep":1,"minecraft:pillager":7,"minecraft:zombie":1,"minecraft:cow":5},"minecraft:custom":{"minecraft:mob_kills":26,"minecraft:interact_with_crafting_table":5,"minecraft:open_barrel":37,"minecraft:leave_game":2,"minecraft:time_since_death":47006,"minecraft:climb_one_cm":8120,"minecraft:sprint_one_cm":268681,"minecraft:walk_one_cm":323905,"minecraft:drop":44,"minecraft:play_time":104790,"minecraft:deaths":4,"minecraft:sneak_time":4972,"minecraft:walk_under_water_one_cm":16128,"minecraft:boat_one_cm":151605,"minecraft:jump":1972,"minecraft:walk_on_water_one_cm":13199,"minecraft:total_world_time":104790,"minecraft:interact_with_furnace":1,"tombstone:raider_killed":8,"minecraft:raid_trigger":1,"minecraft:sleep_in_bed":3,"minecraft:time_since_rest":12011,"minecraft:damage_taken":5503,"minecraft:damage_dealt":4845,"tombstone:cast_on_ally":2,"minecraft:swim_one_cm":79198,"minecraft:fly_one_cm":478634,"minecraft:open_chest":25,"minecraft:crouch_one_cm":12187,"tombstone:undead_killed":3,"minecraft:fall_one_cm":44066},"minecraft:mined":{"minecraft:spruce_planks":3,"minecraft:jungle_slab":1,"minecraft:purple_terracotta":2,"hexerei:candelabra":3,"minecraft:grass_block":4,"minecraft:coal_block":1,"blocky_siege:cannon":7,"minecraft:spawner":1,"minecraft:hay_block":21,"minecraft:furnace":1,"minecraft:iron_ore":4,"minecraft:fire":6,"minecraft:dark_oak_stairs":3,"minecraft:stripped_oak_log":16,"minecraft:stone":117,"hexerei:witch_hazel_altar":1,"blocky_siege:cannon_ball_3":1,"minecraft:powder_snow":11,"minecraft:crafting_table":4,"vinery:red_grape_bush":1,"minecraft:cobblestone":5,"blocky_siege:cannon_ball_1":1,"minecraft:oak_planks":1,"minecraft:sugar_cane":5,"minecraft:sweet_berry_bush":8,"minecraft:yellow_bed":1,"minecraft:grass":2,"minecraft:oak_log":18,"minecraft:coal_ore":35,"blocky_siege:cannon_ball_0":3,"minecraft:sand":1,"minecraft:crimson_planks":1,"minecraft:oak_leaves":1},"minecraft:picked_up":{"iceandfire:dragon_skull_lightning":1,"minecraft:crafting_table":4,"blocky_siege:cannon":6,"minecraft:prismarine_shard":4,"vinery:red_grape_seeds":3,"minecraft:shield":1,"minecraft:spruce_planks":3,"minecraft:beef":6,"minecraft:oak_boat":3,"born_in_chaos_v1:gnawed_bones":1,"minecraft:sugar_cane":12,"minecraft:coal_block":1,"minecraft:furnace":1,"minecraft:raw_iron":5,"iceandfire:dragonbone":10,"minecraft:torch":4,"minecraft:porkchop":5,"tombstone:grave_dust":1,"minecraft:carrot":1,"minecraft:purple_terracotta":2,"hexerei:sage_seed":1,"hexerei:candelabra":3,"minecraft:rotten_flesh":5,"minecraft:cooked_cod":1,"minecraft:hay_block":19,"born_in_chaos_v1:spiny_shell":3,"minecraft:mutton":1,"minecraft:cod":1,"minecraft:cobblestone":123,"minecraft:white_wool":1,"minecraft:stripped_oak_log":16,"born_in_chaos_v1:corpse_maggot":4,"born_in_chaos_v1:monster_flesh":1,"minecraft:leather":8,"minecraft:filled_map":1,"minecraft:oak_log":17,"minecraft:chainmail_chestplate":1,"minecraft:yellow_bed":1,"hexerei:crow_blank_amulet":2,"minecraft:gunpowder":5,"minecraft:dirt":4,"tombstone:gift":1,"minecraft:white_banner":1,"born_in_chaos_v1:monster_skin":1,"minecraft:wheat_seeds":6,"minecraft:iron_ingot":2,"tombstone:scroll_of_reach":1,"minecraft:glass_bottle":1,"blocky_siege:cannon_ball_0":11,"minecraft:iron_sword":4,"minecraft:sweet_berries":15,"minecraft:jungle_planks":7,"minecraft:ink_sac":2,"iceandfire:lightning_dragon_heart":1,"minecraft:jungle_slab":19,"hexerei:witch_hazel_altar":1,"waystones:waystone":2,"minecraft:iron_helmet":1,"goety:tall_skull":1,"minecraft:emerald":1,"minecraft:brown_banner":2,"born_in_chaos_v1:rotten_fish":2,"minecraft:acacia_slab":1,"minecraft:coal":52},"minecraft:killed_by":{"born_in_chaos_v1:zombie_lumberjack":1,"minecraft:vindicator":2},"minecraft:used":{"minecraft:iron_sword":10,"minecraft:dirt":4,"tombstone:gift":1,"minecraft:water_bucket":9,"minecraft:stone_pickaxe":129,"minecraft:wooden_pickaxe":59,"minecraft:crafting_table":1,"minecraft:bread":33,"minecraft:suspicious_stew":1,"hexerei:witch_hazel_altar":1,"minecraft:stone_axe":91,"minecraft:cobblestone":58,"minecraft:bucket":9,"minecraft:oak_boat":3,"minecraft:yellow_bed":1,"alexsmobs:animal_dictionary":2}},"DataVersion":3120}