{"stats":{"minecraft:custom":{"minecraft:time_since_rest":12506,"minecraft:sprint_one_cm":60603,"minecraft:damage_taken":535,"minecraft:walk_one_cm":123228,"minecraft:mob_kills":6,"minecraft:drop":2,"minecraft:damage_dealt":801,"minecraft:swim_one_cm":1107,"minecraft:interact_with_crafting_table":5,"minecraft:fly_one_cm":59730,"minecraft:open_chest":2,"minecraft:crouch_one_cm":4011,"minecraft:play_time":28489,"tombstone:undead_killed":1,"minecraft:deaths":1,"minecraft:sneak_time":1281,"minecraft:walk_under_water_one_cm":163,"minecraft:jump":373,"minecraft:leave_game":1,"minecraft:time_since_death":13089,"minecraft:walk_on_water_one_cm":165,"minecraft:total_world_time":28489,"minecraft:fall_one_cm":7876},"minecraft:picked_up":{"born_in_chaos_v1:corpse_maggot":2,"minecraft:crafting_table":1,"vinery:red_grape_seeds":3,"minecraft:porkchop":2,"minecraft:oak_log":2,"minecraft:yellow_bed":1,"hexerei:sage_seed":1,"minecraft:wheat_seeds":1,"minecraft:hay_block":17,"minecraft:sugar_cane":12,"minecraft:mutton":1,"minecraft:coal":21,"minecraft:white_wool":1,"minecraft:cobblestone":117},"minecraft:mined":{"minecraft:hay_block":18,"minecraft:powder_snow":5,"minecraft:yellow_bed":1,"minecraft:crafting_table":1,"minecraft:grass":2,"vinery:red_grape_bush":1,"minecraft:oak_log":2,"minecraft:coal_ore":21,"minecraft:stone":116,"minecraft:oak_planks":1,"minecraft:sugar_cane":5},"minecraft:used":{"minecraft:stone_pickaxe":79,"minecraft:wooden_pickaxe":59,"minecraft:stone_axe":6,"minecraft:cobblestone":1,"minecraft:crafting_table":1,"alexsmobs:animal_dictionary":1},"minecraft:dropped":{"minecraft:wheat_seeds":1,"born_in_chaos_v1:corpse_maggot":1},"minecraft:killed_by":{"born_in_chaos_v1:zombie_lumberjack":1},"minecraft:broken":{"minecraft:wooden_pickaxe":1},"minecraft:crafted":{"minecraft:oak_planks":8,"minecraft:stick":8,"minecraft:wooden_pickaxe":1,"minecraft:stone_pickaxe":2,"minecraft:stone_axe":1,"minecraft:wheat":153},"minecraft:killed":{"minecraft:sheep":1,"minecraft:zombie":1,"minecraft:pig":1,"alexsmobs:seagull":1,"born_in_chaos_v1:maggot":2}},"DataVersion":3120}