{"stats":{"minecraft:dropped":{"minecraft:iron_sword":3,"hexerei:wax_blend":6,"minecraft:candle":13,"minecraft:wheat_seeds":10,"minecraft:lapis_lazuli":6,"minecraft:golden_helmet":1,"minecraft:glow_ink_sac":2,"minecraft:glass_bottle":4,"minecraft:crafting_table":1,"minecraft:prismarine_crystals":3,"hexerei:crow_blank_amulet":1,"minecraft:brown_banner":2,"minecraft:coal":4,"minecraft:cod":1,"minecraft:stick":2,"minecraft:cobweb":1,"minecraft:cornflower":1,"minecraft:cooked_cod":1,"tombstone:grave_dust":7,"minecraft:potion":1,"minecraft:white_banner":1,"minecraft:paper":1,"tombstone:familiar_receptacle":3,"minecraft:bone":1,"minecraft:oak_door":2,"iceandfire:dragonbone":10,"minecraft:sweet_berries":15,"minecraft:sugar_cane":12,"hexerei:sage_seed":3,"alexsmobs:animal_dictionary":2,"minecraft:iron_nugget":22,"minecraft:cobbled_deepslate":3,"born_in_chaos_v1:fire_dust":1,"iceandfire:lightning_dragon_heart":1,"minecraft:bowl":1,"minecraft:wheat":1,"minecraft:raw_iron":5,"tombstone:gift":1,"born_in_chaos_v1:rotten_fish":2,"alexsmobs:blobfish":1,"minecraft:rotten_flesh":8,"minecraft:oak_planks":8,"sophisticatedbackpacks:backpack":1,"patchouli:guide_book":1,"minecraft:filled_map":1,"supplementaries:ash":10,"minecraft:potato":2,"minecraft:hay_block":20,"minecraft:bundle":2,"minecraft:spruce_planks":5,"born_in_chaos_v1:spiny_shell":3,"born_in_chaos_v1:corpse_maggot":3,"minecraft:acacia_slab":1,"minecraft:oak_boat":1,"goety:tall_skull":1,"minecraft:oak_sapling":1,"botania:mana_bottle":1,"minecraft:leather_leggings":1,"minecraft:sandstone":2,"minecraft:stone_pickaxe":2,"iceandfire:dragon_skull_lightning":1},"minecraft:crafted":{"minecraft:oak_door":3,"minecraft:oak_planks":132,"minecraft:iron_nugget":9,"minecraft:chain":3,"minecraft:furnace":1,"minecraft:stone_pickaxe":2,"iceandfire:chain":1,"minecraft:wheat":262,"minecraft:emerald":64,"sophisticatedbackpacks:backpack":2,"minecraft:cooked_porkchop":2,"minecraft:spruce_planks":12,"minecraft:crafting_table":6,"minecraft:wooden_pickaxe":1,"minecraft:stripped_oak_wood":3,"born_in_chaos_v1:scorched_planks":4,"minecraft:stone_axe":1,"minecraft:bread":90,"minecraft:air":0,"minecraft:oak_boat":1,"minecraft:diamond_pickaxe":1,"minecraft:iron_ingot":40,"minecraft:stick":12},"minecraft:broken":{"minecraft:wooden_pickaxe":1,"minecraft:shield":1,"minecraft:stone_axe":1,"minecraft:iron_helmet":1},"minecraft:killed":{"alexsmobs:lobster":1,"born_in_chaos_v1:zombie_lumberjack":2,"minecraft:spider":4,"minecraft:vindicator":2,"alexsmobs:seagull":1,"born_in_chaos_v1:thornshell_crab":1,"iceandfire:stymphalian_bird":2,"born_in_chaos_v1:maggot":9,"minecraft:skeleton":6,"eidolon:wraith":3,"born_in_chaos_v1:barrel_zombie":1,"minecraft:pig":2,"born_in_chaos_v1:baby_skeleton":1,"born_in_chaos_v1:spirit_guide_assistant":1,"minecraft:creeper":1,"born_in_chaos_v1:decrepit_skeleton":3,"minecraft:sheep":1,"minecraft:pillager":13,"iceandfire:ghost":1,"minecraft:zombie":15,"born_in_chaos_v1:corpse_fly":2,"born_in_chaos_v1:door_knight":1,"minecraft:cow":9},"minecraft:custom":{"minecraft:mob_kills":85,"minecraft:interact_with_crafting_table":22,"minecraft:open_barrel":62,"minecraft:damage_dealt_resisted":330,"minecraft:leave_game":2,"minecraft:time_since_death":1699,"minecraft:climb_one_cm":14369,"minecraft:sprint_one_cm":786546,"minecraft:walk_one_cm":650224,"minecraft:damage_blocked_by_shield":2473,"minecraft:drop":120,"minecraft:play_time":254790,"minecraft:deaths":7,"minecraft:sneak_time":9714,"minecraft:walk_under_water_one_cm":50504,"minecraft:boat_one_cm":738058,"minecraft:jump":5396,"minecraft:walk_on_water_one_cm":49834,"minecraft:total_world_time":254790,"minecraft:interact_with_furnace":29,"tombstone:raider_killed":15,"minecraft:traded_with_villager":32,"minecraft:raid_trigger":1,"minecraft:sleep_in_bed":8,"minecraft:time_since_rest":1,"minecraft:waystone_activated":1,"minecraft:damage_taken":13048,"minecraft:damage_dealt":15581,"tombstone:cast_on_ally":2,"minecraft:swim_one_cm":120972,"minecraft:fly_one_cm":1170488,"minecraft:player_kills":1,"minecraft:open_chest":58,"minecraft:crouch_one_cm":24622,"tombstone:undead_killed":34,"minecraft:fall_one_cm":145036},"minecraft:mined":{"minecraft:spruce_planks":3,"minecraft:candle":17,"minecraft:jungle_slab":1,"minecraft:purple_terracotta":2,"hexerei:candelabra":3,"minecraft:grass_block":6,"minecraft:coal_block":1,"blocky_siege:cannon":7,"minecraft:sandstone":18,"minecraft:spawner":2,"minecraft:hay_block":34,"minecraft:magma_block":1,"minecraft:furnace":1,"minecraft:iron_ore":35,"minecraft:fire":6,"born_in_chaos_v1:black_argillite_brick_stairs":12,"minecraft:dark_oak_stairs":3,"minecraft:deepslate_iron_ore":3,"minecraft:stripped_oak_log":16,"minecraft:stone":135,"minecraft:orange_bed":1,"hexerei:witch_hazel_altar":1,"blocky_siege:cannon_ball_3":1,"minecraft:powder_snow":11,"minecraft:crafting_table":5,"vinery:red_grape_bush":1,"minecraft:chest":1,"minecraft:cobblestone":11,"blocky_siege:cannon_ball_1":1,"born_in_chaos_v1:chipped_black_argillite_brick":2,"minecraft:lapis_ore":3,"minecraft:oak_planks":2,"minecraft:sugar_cane":5,"minecraft:diorite":1,"supplementaries:urn":5,"minecraft:wheat":1,"minecraft:sweet_berry_bush":8,"celestisynth:lunar_stone":29,"minecraft:mangrove_leaves":3,"minecraft:yellow_bed":1,"minecraft:grass":5,"minecraft:oak_log":18,"minecraft:coal_ore":42,"blocky_siege:cannon_ball_0":3,"minecraft:sand":1,"minecraft:crimson_planks":1,"minecraft:cobweb":4,"minecraft:stone_bricks":2,"minecraft:oak_leaves":3,"minecraft:deepslate":6},"minecraft:picked_up":{"iceandfire:dragon_skull_lightning":2,"minecraft:allium":1,"minecraft:wheat":9,"minecraft:crafting_table":5,"blocky_siege:cannon":6,"minecraft:prismarine_shard":4,"iceandfire:chain":3,"vinery:red_grape_seeds":3,"minecraft:potion":1,"minecraft:shield":1,"minecraft:cornflower":1,"minecraft:string":8,"minecraft:iron_leggings":1,"minecraft:candle":43,"minecraft:cobbled_deepslate":7,"minecraft:spruce_planks":3,"celestisynth:lunar_stone":31,"minecraft:beef":13,"minecraft:player_head":1,"minecraft:oak_boat":8,"born_in_chaos_v1:gnawed_bones":1,"minecraft:chest":2,"minecraft:sugar_cane":12,"minecraft:coal_block":1,"minecraft:furnace":1,"minecraft:raw_iron":39,"minecraft:sandstone":2,"iceandfire:dragonbone":10,"minecraft:torch":5,"botania:mana_bottle":1,"minecraft:porkchop":5,"tombstone:grave_dust":8,"minecraft:carrot":1,"minecraft:prismarine_crystals":3,"minecraft:purple_terracotta":2,"minecraft:orange_bed":1,"hexerei:sage_seed":6,"hexerei:candelabra":3,"minecraft:arrow":5,"minecraft:rotten_flesh":16,"minecraft:cooked_cod":1,"minecraft:hay_block":50,"born_in_chaos_v1:spiny_shell":3,"minecraft:obsidian":2,"supplementaries:quiver":1,"supplementaries:ash":10,"minecraft:blaze_rod":5,"minecraft:mutton":1,"minecraft:cod":1,"minecraft:cobblestone":146,"minecraft:white_wool":1,"minecraft:stripped_oak_log":16,"born_in_chaos_v1:corpse_maggot":6,"born_in_chaos_v1:monster_flesh":1,"minecraft:glow_ink_sac":2,"minecraft:leather":13,"minecraft:filled_map":1,"iceandfire:ectoplasm":1,"minecraft:oak_log":18,"minecraft:chainmail_chestplate":1,"minecraft:paper":1,"minecraft:yellow_bed":1,"hexerei:crow_blank_amulet":2,"minecraft:gunpowder":5,"minecraft:lapis_lazuli":17,"minecraft:dirt":8,"tombstone:familiar_receptacle":4,"tombstone:gift":1,"minecraft:white_banner":1,"born_in_chaos_v1:monster_skin":1,"minecraft:bone":9,"minecraft:stone_bricks":1,"minecraft:wheat_seeds":10,"minecraft:iron_ingot":11,"tombstone:scroll_of_reach":1,"minecraft:glass_bottle":2,"blocky_siege:cannon_ball_0":11,"minecraft:oak_planks":9,"minecraft:iron_sword":5,"hexerei:animal_fat":9,"minecraft:pumpkin":2,"minecraft:sweet_berries":15,"goety:jade":5,"minecraft:jungle_planks":7,"minecraft:spruce_log":3,"minecraft:ink_sac":2,"iceandfire:lightning_dragon_heart":1,"minecraft:jungle_slab":19,"alexsmobs:animal_dictionary":1,"hexerei:witch_hazel_altar":1,"minecraft:bundle":2,"minecraft:yellow_carpet":1,"born_in_chaos_v1:fire_dust":1,"waystones:waystone":4,"minecraft:iron_helmet":1,"goety:tall_skull":1,"minecraft:emerald":1,"minecraft:brown_banner":2,"born_in_chaos_v1:rotten_fish":2,"minecraft:acacia_slab":1,"minecraft:coal":59},"minecraft:used":{"minecraft:spruce_planks":10,"minecraft:shield":82,"minecraft:iron_sword":201,"minecraft:player_head":1,"minecraft:oak_door":1,"minecraft:orange_bed":1,"minecraft:dirt":8,"minecraft:stone_bricks":1,"minecraft:furnace":1,"tombstone:gift":1,"minecraft:cobbled_deepslate":4,"minecraft:water_bucket":88,"minecraft:stone_pickaxe":202,"minecraft:oak_planks":88,"minecraft:wooden_pickaxe":59,"minecraft:crafting_table":7,"tombstone:tablet_of_home":1,"waystones:waystone":1,"minecraft:diamond_pickaxe":70,"minecraft:apple":8,"minecraft:bread":110,"minecraft:suspicious_stew":1,"hexerei:witch_hazel_altar":1,"minecraft:stone_axe":91,"minecraft:cobblestone":128,"minecraft:potion":1,"minecraft:cooked_porkchop":2,"minecraft:bucket":87,"minecraft:oak_boat":6,"minecraft:yellow_bed":1,"alexsmobs:animal_dictionary":2,"minecraft:cobweb":1},"minecraft:killed_by":{"minecraft:player":1,"born_in_chaos_v1:zombie_lumberjack":1,"minecraft:vindicator":3,"iceandfire:fire_dragon":1}},"DataVersion":3120}