{"stats":{"minecraft:crafted":{"minecraft:oak_planks":148,"minecraft:furnace":3,"eidolon:silver_axe":1,"minecraft:stone_pickaxe":2,"minecraft:chest":2,"sophisticatedbackpacks:iron_backpack":1,"minecraft:wheat":45,"minecraft:cooked_beef":6,"minecraft:cooked_cod":5,"sophisticatedbackpacks:backpack":1,"minecraft:cooked_porkchop":1,"minecraft:crafting_table":13,"minecraft:wooden_pickaxe":2,"minecraft:iron_sword":1,"minecraft:copper_ingot":1,"sophisticatedbackpacks:gold_backpack":1,"minecraft:stone_axe":2,"minecraft:bread":15,"minecraft:air":0,"minecraft:oak_boat":9,"minecraft:stick":20,"minecraft:iron_ingot":4,"minecraft:iron_pickaxe":1,"minecraft:white_bed":1},"minecraft:dropped":{"minecraft:bread":11,"minecraft:wheat_seeds":2,"minecraft:prismarine_shard":4,"minecraft:copper_ingot":1,"minecraft:cod":6,"born_in_chaos_v1:monster_skin":1,"minecraft:mutton":3,"minecraft:bone_meal":1,"minecraft:sand":1,"minecraft:iron_pickaxe":1,"minecraft:mangrove_slab":1,"minecraft:kelp":1,"born_in_chaos_v1:black_argillite_brick_stairs":3,"minecraft:golden_chestplate":1,"born_in_chaos_v1:fire_dust":7,"tombstone:gift":1,"born_in_chaos_v1:rotten_fish":1,"minecraft:rotten_flesh":8,"goety:ectoplasm":1,"minecraft:flint_and_steel":1,"minecraft:leather_chestplate":1,"eidolon:silver_axe":1,"iceandfire:ghost_chest":1,"minecraft:bundle":1,"born_in_chaos_v1:corpse_maggot":2,"minecraft:oak_boat":3,"tombstone:scroll_of_knowledge":1,"minecraft:red_nether_bricks":2,"minecraft:stone_pickaxe":2,"minecraft:wooden_pickaxe":2,"minecraft:calcite":1,"botania:red_double_flower":2},"minecraft:broken":{"minecraft:stone_axe":2},"minecraft:killed":{"minecraft:vindicator":14,"minecraft:cod":3,"born_in_chaos_v1:maggot":2,"minecraft:skeleton":8,"eidolon:wraith":1,"minecraft:drowned":1,"born_in_chaos_v1:firelight_not_despawn":2,"minecraft:pig":1,"minecraft:zombie_villager":1,"born_in_chaos_v1:decrepit_skeleton":1,"minecraft:sheep":5,"minecraft:pillager":3,"minecraft:zombie":4,"goety:wraith":1,"minecraft:cow":3},"minecraft:custom":{"minecraft:mob_kills":52,"minecraft:interact_with_crafting_table":36,"minecraft:open_barrel":27,"minecraft:leave_game":2,"minecraft:time_since_death":66429,"minecraft:climb_one_cm":9916,"minecraft:sprint_one_cm":301329,"minecraft:walk_one_cm":428127,"minecraft:damage_blocked_by_shield":45,"minecraft:drop":64,"minecraft:talked_to_villager":2,"minecraft:play_time":198449,"minecraft:deaths":12,"minecraft:sneak_time":693,"minecraft:walk_under_water_one_cm":41545,"minecraft:boat_one_cm":909526,"minecraft:jump":3716,"minecraft:interact_with_blast_furnace":3,"minecraft:walk_on_water_one_cm":35251,"minecraft:total_world_time":198449,"minecraft:interact_with_furnace":14,"tombstone:raider_killed":17,"minecraft:sleep_in_bed":6,"minecraft:time_since_rest":2517,"minecraft:waystone_activated":5,"minecraft:damage_taken":8889,"minecraft:damage_dealt":9362,"minecraft:swim_one_cm":102514,"minecraft:fly_one_cm":839662,"minecraft:open_chest":64,"minecraft:crouch_one_cm":1464,"tombstone:undead_killed":17,"minecraft:fall_one_cm":87550,"minecraft:inspect_dispenser":3},"minecraft:mined":{"hexerei:herb_jar":1,"minecraft:spruce_planks":10,"blocky_siege:barrel_of_gunpowder":2,"minecraft:white_bed":5,"minecraft:red_nether_bricks":1,"minecraft:purple_terracotta":2,"minecraft:grass_block":7,"minecraft:jungle_planks":10,"minecraft:spawner":4,"minecraft:hay_block":4,"blocky_siege:reinforced_spruce_trapdoor":1,"minecraft:furnace":1,"minecraft:barrel":2,"minecraft:iron_ore":3,"minecraft:fire":5,"born_in_chaos_v1:black_argillite_brick_stairs":6,"minecraft:stripped_dark_oak_wood":1,"minecraft:bookshelf":12,"minecraft:vine":1,"hexerei:witch_hazel_window_pane":1,"irons_spellbooks:inscription_table":2,"minecraft:stone":70,"minecraft:spruce_slab":1,"hexerei:witch_hazel_altar":2,"hexerei:witch_hazel_drying_rack":2,"minecraft:powder_snow":7,"minecraft:crafting_table":1,"minecraft:blast_furnace":3,"minecraft:calcite":1,"iceandfire:ghost_chest":1,"minecraft:lectern":1,"minecraft:copper_ore":3,"minecraft:tall_grass":15,"minecraft:cobblestone":8,"born_in_chaos_v1:chipped_black_argillite_brick":2,"minecraft:cyan_bed":2,"minecraft:oak_planks":5,"botania:red_double_flower":1,"minecraft:yellow_bed":1,"minecraft:grass":48,"minecraft:mangrove_slab":1,"minecraft:oak_log":36,"minecraft:coal_ore":49,"minecraft:sand":1,"minecraft:gravel":58,"minecraft:dirt":15,"minecraft:crimson_planks":4,"minecraft:cobweb":9,"minecraft:dispenser":1,"minecraft:oak_leaves":6},"minecraft:picked_up":{"iceandfire:dragon_skull_lightning":2,"minecraft:crafting_table":1,"minecraft:prismarine_shard":8,"minecraft:enchanted_book":1,"minecraft:crimson_planks":5,"minecraft:shield":1,"iceandfire:manuscript":4,"minecraft:string":11,"minecraft:raw_copper":9,"minecraft:red_nether_bricks":2,"iceandfire:graveyard_soil":6,"goety:ectoplasm":1,"minecraft:spruce_planks":12,"minecraft:beef":6,"minecraft:oak_boat":15,"minecraft:calcite":1,"born_in_chaos_v1:gnawed_bones":1,"minecraft:iron_pickaxe":1,"minecraft:spruce_slab":1,"minecraft:lectern":1,"irons_spellbooks:inscription_table":2,"hexerei:witch_hazel_window_pane":1,"minecraft:furnace":1,"minecraft:raw_iron":3,"iceandfire:dragonbone":21,"iceandfire:ghost_chest":2,"blocky_siege:barrel_of_gunpowder":2,"hexerei:cloth":1,"minecraft:porkchop":3,"tombstone:grave_dust":4,"born_in_chaos_v1:black_argillite_brick_stairs":6,"minecraft:golden_chestplate":1,"minecraft:purple_terracotta":4,"eidolon:tattered_cloth":2,"hexerei:sage_seed":4,"iceandfire:silver_ingot":3,"minecraft:arrow":10,"minecraft:rotten_flesh":17,"minecraft:hay_block":5,"minecraft:stripped_dark_oak_wood":1,"alexsmobs:emu_egg":2,"minecraft:gold_ingot":2,"supplementaries:ash":1,"minecraft:mutton":7,"hexerei:waxing_kit":1,"minecraft:cod":4,"minecraft:cobblestone":86,"minecraft:white_wool":5,"born_in_chaos_v1:corpse_maggot":2,"minecraft:leather":5,"hexerei:witch_hazel_drying_rack":2,"minecraft:potato":15,"minecraft:filled_map":1,"minecraft:flint":2,"minecraft:oak_log":37,"minecraft:chainmail_chestplate":1,"iceandfire:ectoplasm":8,"minecraft:yellow_bed":1,"minecraft:gunpowder":18,"minecraft:mangrove_slab":1,"minecraft:lapis_lazuli":6,"minecraft:dirt":22,"tombstone:gift":1,"born_in_chaos_v1:monster_skin":2,"minecraft:bone":15,"hexerei:wax_blend":6,"minecraft:kelp":2,"hexerei:pestle_and_mortar":1,"minecraft:wheat_seeds":7,"minecraft:cobweb":3,"minecraft:iron_sword":1,"minecraft:oak_planks":19,"minecraft:book":36,"hexerei:animal_fat":2,"minecraft:sweet_berries":4,"born_in_chaos_v1:ethereal_spirit":2,"minecraft:gravel":56,"minecraft:sand":1,"minecraft:jungle_planks":8,"minecraft:blast_furnace":3,"minecraft:white_bed":6,"minecraft:cyan_bed":2,"minecraft:barrel":2,"hexerei:witch_hazel_altar":2,"botania:red_double_flower":3,"alexsmobs:raw_catfish":1,"minecraft:dispenser":1,"born_in_chaos_v1:fire_dust":2,"hexerei:herb_jar":1,"waystones:waystone":7,"minecraft:gray_wool":1,"minecraft:crossbow":1,"minecraft:golden_apple":1,"minecraft:bone_meal":1,"minecraft:bread":14,"minecraft:chainmail_helmet":1,"goety:tall_skull":1,"minecraft:emerald":9,"born_in_chaos_v1:rotten_fish":1,"minecraft:coal":74},"minecraft:killed_by":{"minecraft:husk":1,"minecraft:player":1,"iceandfire:siren":1,"minecraft:drowned":1,"minecraft:vindicator":2,"minecraft:skeleton":2,"minecraft:zombie":1,"guardvillagers:guard":1},"minecraft:used":{"alexsmobs:emu_egg":1,"irons_spellbooks:inscription_table":1,"botania:red_double_flower":1,"minecraft:flint_and_steel":3,"hexerei:witch_hazel_window_pane":1,"minecraft:spruce_slab":1,"minecraft:shield":2,"minecraft:chest":1,"minecraft:iron_sword":43,"minecraft:dirt":22,"minecraft:mutton":1,"minecraft:jungle_planks":8,"minecraft:carrot":19,"blocky_siege:barrel_of_gunpowder":2,"minecraft:sweet_berries":1,"minecraft:furnace":4,"minecraft:cooked_cod":5,"tombstone:gift":5,"minecraft:cooked_beef":5,"minecraft:stone_pickaxe":48,"minecraft:oak_planks":26,"minecraft:wooden_pickaxe":22,"iceandfire:dragon_skull_lightning":1,"born_in_chaos_v1:black_argillite_brick_stairs":1,"minecraft:crafting_table":14,"minecraft:blast_furnace":1,"minecraft:white_bed":6,"eidolon:silver_axe":40,"waystones:waystone":3,"minecraft:cyan_bed":2,"minecraft:bread":29,"minecraft:iron_pickaxe":107,"minecraft:gravel":56,"hexerei:witch_hazel_altar":2,"minecraft:stone_axe":161,"minecraft:fishing_rod":1,"minecraft:cobblestone":26,"minecraft:cooked_porkchop":1,"minecraft:pumpkin_pie":1,"minecraft:yellow_bed":1,"alexsmobs:animal_dictionary":3,"minecraft:oak_boat":19}},"DataVersion":3120}