{"stats":{"minecraft:killed_by":{"iceandfire:siren":1,"minecraft:drowned":1,"minecraft:vindicator":2,"alexsmobs:crocodile":1,"minecraft:zombie":1,"iceandfire:fire_dragon":1,"minecraft:husk":1,"minecraft:player":2,"born_in_chaos_v1:bloody_gadfly":1,"born_in_chaos_v1:barrel_zombie":1,"minecraft:skeleton":2,"guardvillagers:guard":1},"minecraft:broken":{"minecraft:stone_axe":2,"minecraft:leather_helmet":1,"minecraft:chainmail_helmet":1,"minecraft:iron_pickaxe":1},"minecraft:picked_up":{"minecraft:prismarine_shard":8,"minecraft:enchanted_book":1,"minecraft:crimson_planks":5,"iceandfire:manuscript":8,"minecraft:string":11,"minecraft:raw_copper":19,"minecraft:red_nether_bricks":2,"goety:ectoplasm":2,"minecraft:cobbled_deepslate":8,"minecraft:spruce_planks":14,"minecraft:calcite":1,"minecraft:iron_pickaxe":2,"irons_spellbooks:inscription_table":2,"minecraft:furnace":2,"minecraft:stick":6,"iceandfire:ghost_chest":2,"blocky_siege:barrel_of_gunpowder":2,"minecraft:torch":5,"botania:black_mushroom":1,"hexerei:cloth":2,"minecraft:porkchop":3,"tombstone:grave_dust":9,"minecraft:diorite":8,"born_in_chaos_v1:black_argillite_brick_stairs":6,"minecraft:golden_chestplate":1,"minecraft:goat_horn":1,"eidolon:tattered_cloth":2,"minecraft:rotten_flesh":29,"alexsmobs:emu_egg":3,"supplementaries:ash":4,"minecraft:cod":4,"hexerei:waxing_kit":2,"minecraft:cobblestone":292,"eidolon:raw_silver":1,"minecraft:andesite":13,"minecraft:potato":92,"hexerei:witch_hazel_drying_rack":4,"minecraft:flint":2,"minecraft:lapis_lazuli":83,"minecraft:mangrove_slab":1,"minecraft:dirt":42,"born_in_chaos_v1:monster_skin":2,"minecraft:purple_carpet":4,"minecraft:bone":15,"hexerei:wax_blend":6,"minecraft:wheat_seeds":16,"minecraft:raw_gold":9,"minecraft:oak_planks":28,"hexerei:animal_fat":2,"minecraft:jungle_planks":8,"minecraft:sand":1,"minecraft:cyan_bed":2,"minecraft:barrel":2,"hexerei:witch_hazel_altar":2,"minecraft:dispenser":1,"born_in_chaos_v1:fire_dust":2,"waystones:waystone":7,"minecraft:crossbow":1,"minecraft:granite":5,"minecraft:bone_meal":1,"minecraft:chainmail_helmet":2,"minecraft:golden_apple":1,"goety:tall_skull":1,"minecraft:bread":14,"minecraft:emerald":9,"minecraft:oak_sapling":8,"born_in_chaos_v1:rotten_fish":1,"sophisticatedbackpacks:gold_backpack":2,"iceandfire:dragon_skull_lightning":3,"minecraft:crafting_table":2,"iceandfire:chain":2,"minecraft:shield":1,"minecraft:cornflower":4,"iceandfire:graveyard_soil":6,"minecraft:beef":6,"minecraft:oak_boat":16,"born_in_chaos_v1:gnawed_bones":1,"minecraft:iron_nugget":3,"minecraft:spruce_slab":1,"minecraft:lectern":1,"hexerei:witch_hazel_window_pane":1,"minecraft:raw_iron":29,"iceandfire:dragonbone":42,"minecraft:oak_door":1,"iceandfire:chared_grass":1,"minecraft:carrot":6,"minecraft:redstone":13,"minecraft:purple_terracotta":4,"hexerei:sage_seed":9,"iceandfire:silver_ingot":3,"minecraft:arrow":10,"minecraft:hay_block":5,"minecraft:stripped_dark_oak_wood":1,"minecraft:gold_ingot":2,"minecraft:mutton":10,"minecraft:white_wool":5,"born_in_chaos_v1:corpse_maggot":12,"minecraft:leather":5,"minecraft:filled_map":3,"minecraft:oak_log":61,"minecraft:chainmail_chestplate":2,"iceandfire:ectoplasm":8,"minecraft:yellow_bed":1,"minecraft:gunpowder":18,"tombstone:gift":1,"botania:light_blue_mystical_flower":1,"minecraft:apple":1,"minecraft:stone_bricks":1,"minecraft:kelp":2,"hexerei:pestle_and_mortar":2,"minecraft:iron_ingot":3,"minecraft:cobweb":3,"epicsamurai:aquamarine":1,"minecraft:iron_sword":2,"minecraft:purple_concrete":4,"minecraft:book":36,"epicsamurai:onyx":11,"minecraft:sweet_berries":4,"born_in_chaos_v1:ethereal_spirit":2,"minecraft:dripstone_block":4,"minecraft:gravel":56,"minecraft:amethyst_shard":13,"minecraft:blast_furnace":4,"minecraft:white_bed":9,"botania:red_double_flower":3,"alexsmobs:raw_catfish":1,"minecraft:purple_bed":1,"hexerei:herb_jar":2,"minecraft:gray_wool":2,"minecraft:coal":101},"minecraft:crafted":{"minecraft:oak_planks":220,"minecraft:chest":4,"minecraft:stone_hoe":1,"sophisticatedbackpacks:backpack":1,"minecraft:cooked_porkchop":1,"minecraft:crafting_table":15,"minecraft:baked_potato":3,"minecraft:wooden_pickaxe":3,"minecraft:copper_ingot":11,"minecraft:shield":1,"minecraft:stick":40,"minecraft:iron_ingot":10,"minecraft:iron_pickaxe":2,"minecraft:furnace":5,"eidolon:silver_axe":1,"born_in_chaos_v1:fried_maggot":5,"minecraft:stone_pickaxe":4,"minecraft:dark_oak_planks":8,"minecraft:wheat":45,"sophisticatedbackpacks:iron_backpack":1,"minecraft:cooked_beef":6,"minecraft:cooked_cod":5,"minecraft:iron_sword":1,"sophisticatedbackpacks:gold_backpack":1,"minecraft:bucket":1,"minecraft:stone_axe":4,"minecraft:bread":15,"minecraft:air":0,"minecraft:oak_boat":9,"minecraft:white_bed":1,"minecraft:torch":34},"minecraft:killed":{"minecraft:cod":3,"minecraft:skeleton":8,"born_in_chaos_v1:firelight_not_despawn":2,"minecraft:pig":1,"minecraft:zombie_villager":1,"minecraft:sheep":5,"minecraft:pillager":4,"minecraft:zombie":8,"born_in_chaos_v1:corpse_fly":8,"goety:wraith":2,"minecraft:cow":3,"minecraft:vindicator":15,"born_in_chaos_v1:maggot":2,"eidolon:wraith":3,"minecraft:drowned":1,"born_in_chaos_v1:decrepit_skeleton":1},"minecraft:custom":{"minecraft:interact_with_crafting_table":50,"minecraft:open_barrel":29,"minecraft:eat_cake_slice":7,"minecraft:leave_game":4,"minecraft:time_since_death":390,"minecraft:sprint_one_cm":480372,"minecraft:damage_blocked_by_shield":390,"minecraft:drop":90,"minecraft:talked_to_villager":5,"minecraft:play_time":294237,"minecraft:deaths":18,"minecraft:jump":5953,"minecraft:walk_on_water_one_cm":50762,"minecraft:interact_with_furnace":22,"minecraft:sleep_in_bed":9,"minecraft:waystone_activated":7,"minecraft:damage_dealt":12199,"minecraft:crouch_one_cm":2226,"tombstone:undead_killed":24,"minecraft:inspect_dispenser":3,"minecraft:mob_kills":69,"minecraft:damage_dealt_resisted":481,"minecraft:climb_one_cm":9916,"minecraft:walk_one_cm":680523,"minecraft:sneak_time":1421,"minecraft:walk_under_water_one_cm":57765,"minecraft:boat_one_cm":909526,"minecraft:interact_with_blast_furnace":8,"minecraft:total_world_time":294237,"tombstone:raider_killed":19,"minecraft:time_since_rest":1,"minecraft:damage_taken":12899,"minecraft:swim_one_cm":128265,"minecraft:fly_one_cm":1237428,"minecraft:open_chest":106,"minecraft:fall_one_cm":141660},"minecraft:used":{"alexsmobs:emu_egg":1,"irons_spellbooks:inscription_table":2,"botania:red_double_flower":1,"hexerei:witch_hazel_window_pane":1,"minecraft:spruce_slab":1,"minecraft:chest":3,"minecraft:shield":5,"minecraft:iron_sword":118,"minecraft:rotten_flesh":4,"minecraft:mutton":4,"minecraft:jungle_planks":8,"minecraft:carrot":73,"botania:black_mushroom":1,"minecraft:stone_bricks":1,"minecraft:sweet_berries":1,"minecraft:furnace":7,"minecraft:oak_sapling":8,"minecraft:cooked_cod":5,"minecraft:potato":76,"hexerei:pestle_and_mortar":1,"minecraft:stone_pickaxe":151,"minecraft:oak_planks":27,"minecraft:wooden_pickaxe":44,"minecraft:blast_furnace":4,"minecraft:dripstone_block":4,"waystones:waystone":4,"minecraft:cyan_bed":2,"minecraft:bread":32,"minecraft:gravel":56,"minecraft:andesite":2,"minecraft:oak_boat":20,"minecraft:flint_and_steel":3,"minecraft:stone_hoe":103,"minecraft:torch":40,"minecraft:dirt":42,"blocky_siege:barrel_of_gunpowder":2,"minecraft:bamboo":4,"tombstone:gift":5,"minecraft:cooked_beef":5,"minecraft:cobbled_deepslate":6,"hexerei:witch_hazel_drying_rack":2,"minecraft:wheat_seeds":10,"minecraft:water_bucket":11,"iceandfire:dragon_skull_lightning":1,"born_in_chaos_v1:black_argillite_brick_stairs":1,"minecraft:crafting_table":16,"botania:light_blue_mystical_flower":3,"minecraft:white_bed":9,"eidolon:silver_axe":40,"minecraft:cake":1,"minecraft:cornflower":1,"hexerei:sage_seed":9,"minecraft:iron_pickaxe":323,"hexerei:witch_hazel_altar":2,"minecraft:stone_axe":191,"minecraft:fishing_rod":1,"minecraft:cobblestone":57,"minecraft:cooked_porkchop":1,"iceandfire:chared_grass":1,"minecraft:bucket":12,"minecraft:pumpkin_pie":4,"minecraft:yellow_bed":1,"alexsmobs:animal_dictionary":3},"minecraft:dropped":{"eidolon:raw_silver":1,"minecraft:cod":6,"sophisticatedbackpacks:gold_backpack":1,"born_in_chaos_v1:monster_skin":1,"minecraft:cornflower":3,"minecraft:mutton":3,"minecraft:bone_meal":1,"minecraft:sand":1,"minecraft:iron_pickaxe":1,"minecraft:mangrove_slab":1,"minecraft:oak_door":1,"minecraft:golden_chestplate":1,"born_in_chaos_v1:fire_dust":7,"tombstone:gift":1,"minecraft:rotten_flesh":8,"goety:ectoplasm":1,"minecraft:leather_chestplate":1,"eidolon:silver_axe":1,"iceandfire:ghost_chest":1,"goety:jade":5,"born_in_chaos_v1:corpse_maggot":3,"tombstone:scroll_of_knowledge":1,"minecraft:red_nether_bricks":2,"botania:red_double_flower":2,"minecraft:bread":11,"minecraft:wheat_seeds":9,"minecraft:prismarine_shard":4,"minecraft:copper_ingot":1,"minecraft:gray_wool":1,"minecraft:kelp":1,"born_in_chaos_v1:black_argillite_brick_stairs":3,"hexerei:sage_seed":5,"born_in_chaos_v1:rotten_fish":1,"minecraft:flint_and_steel":1,"minecraft:bundle":1,"minecraft:purple_bed":1,"minecraft:oak_boat":3,"minecraft:stone_pickaxe":2,"minecraft:wooden_pickaxe":2,"minecraft:calcite":1},"minecraft:mined":{"hexerei:herb_jar":1,"minecraft:spruce_planks":10,"minecraft:white_bed":7,"minecraft:red_nether_bricks":1,"minecraft:granite":5,"minecraft:grass_block":17,"minecraft:spawner":4,"minecraft:cobbled_deepslate":2,"minecraft:barrel":2,"minecraft:fire":6,"minecraft:iron_ore":18,"born_in_chaos_v1:black_argillite_brick_stairs":6,"minecraft:deepslate_lapis_ore":10,"minecraft:stripped_dark_oak_wood":1,"botania:light_blue_mystical_flower":1,"minecraft:spruce_slab":1,"hexerei:witch_hazel_altar":2,"hexerei:witch_hazel_drying_rack":2,"minecraft:powder_snow":7,"minecraft:torch":1,"minecraft:blast_furnace":4,"minecraft:calcite":1,"iceandfire:ghost_chest":1,"minecraft:cobblestone":9,"minecraft:cyan_bed":2,"minecraft:oak_planks":5,"minecraft:wall_torch":2,"minecraft:dark_oak_slab":1,"minecraft:grass":107,"minecraft:oak_log":60,"minecraft:sand":1,"minecraft:dirt":25,"minecraft:crimson_planks":4,"minecraft:dispenser":1,"minecraft:oak_leaves":83,"minecraft:deepslate":6,"eidolon:deep_silver_ore":1,"blocky_siege:barrel_of_gunpowder":2,"epicsamurai:deepslate_onyx_ore":8,"minecraft:purple_terracotta":2,"minecraft:jungle_planks":10,"iceandfire:chared_grass":1,"minecraft:hay_block":4,"epicsamurai:onyx_ore":3,"minecraft:redstone_ore":3,"blocky_siege:reinforced_spruce_trapdoor":1,"minecraft:furnace":2,"minecraft:carrots":2,"minecraft:andesite":16,"minecraft:bookshelf":12,"minecraft:potatoes":21,"minecraft:deepslate_iron_ore":15,"minecraft:vine":1,"hexerei:witch_hazel_window_pane":1,"irons_spellbooks:inscription_table":2,"minecraft:stone":270,"epicsamurai:deepslate_aquamarine_ore":1,"minecraft:cornflower":4,"minecraft:crafting_table":2,"minecraft:lectern":1,"minecraft:copper_ore":6,"minecraft:tall_grass":21,"born_in_chaos_v1:chipped_black_argillite_brick":2,"minecraft:lapis_ore":2,"minecraft:deepslate_gold_ore":9,"minecraft:diorite":8,"botania:red_double_flower":1,"minecraft:purple_bed":1,"minecraft:purple_concrete":4,"minecraft:yellow_bed":1,"minecraft:mangrove_slab":1,"minecraft:coal_ore":67,"minecraft:gravel":58,"minecraft:cobweb":9}},"DataVersion":3120}