{"stats":{"minecraft:crafted":{"minecraft:oak_planks":112,"minecraft:furnace":2,"eidolon:silver_axe":1,"minecraft:stone_pickaxe":2,"minecraft:chest":1,"minecraft:wheat":45,"minecraft:cooked_beef":6,"minecraft:cooked_cod":5,"minecraft:cooked_porkchop":1,"minecraft:crafting_table":11,"minecraft:wooden_pickaxe":2,"minecraft:stone_axe":2,"minecraft:bread":15,"minecraft:air":0,"minecraft:oak_boat":6,"minecraft:stick":16,"minecraft:iron_ingot":1,"minecraft:iron_pickaxe":1,"minecraft:white_bed":1},"minecraft:dropped":{"minecraft:bread":11,"minecraft:wheat_seeds":1,"minecraft:prismarine_shard":4,"minecraft:cod":6,"born_in_chaos_v1:monster_skin":1,"minecraft:mutton":3,"minecraft:bone_meal":1,"minecraft:kelp":1,"born_in_chaos_v1:black_argillite_brick_stairs":3,"born_in_chaos_v1:fire_dust":7,"born_in_chaos_v1:rotten_fish":1,"minecraft:rotten_flesh":7,"goety:ectoplasm":1,"minecraft:flint_and_steel":1,"minecraft:leather_chestplate":1,"eidolon:silver_axe":1,"iceandfire:ghost_chest":1,"minecraft:bundle":1,"minecraft:oak_boat":2,"tombstone:scroll_of_knowledge":1,"minecraft:stone_pickaxe":2,"minecraft:wooden_pickaxe":2,"botania:red_double_flower":2},"minecraft:broken":{"minecraft:stone_axe":1},"minecraft:killed":{"minecraft:vindicator":14,"minecraft:cod":3,"minecraft:skeleton":1,"minecraft:drowned":1,"born_in_chaos_v1:firelight_not_despawn":2,"minecraft:pig":1,"minecraft:sheep":3,"minecraft:pillager":3,"goety:wraith":1,"minecraft:cow":3},"minecraft:custom":{"minecraft:mob_kills":33,"minecraft:interact_with_crafting_table":24,"minecraft:open_barrel":16,"minecraft:leave_game":2,"minecraft:time_since_death":18198,"minecraft:climb_one_cm":5758,"minecraft:sprint_one_cm":125964,"minecraft:walk_one_cm":163661,"minecraft:drop":50,"minecraft:play_time":108449,"minecraft:deaths":7,"minecraft:sneak_time":401,"minecraft:walk_under_water_one_cm":27457,"minecraft:boat_one_cm":759870,"minecraft:jump":1932,"minecraft:walk_on_water_one_cm":28190,"minecraft:total_world_time":108449,"minecraft:interact_with_furnace":12,"tombstone:raider_killed":17,"minecraft:sleep_in_bed":2,"minecraft:time_since_rest":15982,"minecraft:waystone_activated":2,"minecraft:damage_taken":5086,"minecraft:damage_dealt":6579,"minecraft:swim_one_cm":80622,"minecraft:fly_one_cm":469655,"minecraft:open_chest":39,"minecraft:crouch_one_cm":471,"tombstone:undead_killed":3,"minecraft:fall_one_cm":39920,"minecraft:inspect_dispenser":3},"minecraft:mined":{"minecraft:spruce_planks":10,"blocky_siege:barrel_of_gunpowder":2,"minecraft:white_bed":3,"minecraft:purple_terracotta":2,"minecraft:grass_block":5,"minecraft:jungle_planks":10,"minecraft:spawner":1,"minecraft:hay_block":4,"blocky_siege:reinforced_spruce_trapdoor":1,"minecraft:furnace":1,"minecraft:barrel":2,"minecraft:iron_ore":3,"minecraft:fire":5,"born_in_chaos_v1:black_argillite_brick_stairs":6,"minecraft:bookshelf":2,"minecraft:vine":1,"irons_spellbooks:inscription_table":1,"minecraft:stone":40,"minecraft:spruce_slab":1,"minecraft:crafting_table":1,"iceandfire:ghost_chest":1,"minecraft:lectern":1,"minecraft:tall_grass":4,"minecraft:cobblestone":4,"born_in_chaos_v1:chipped_black_argillite_brick":2,"minecraft:oak_planks":1,"botania:red_double_flower":1,"minecraft:yellow_bed":1,"minecraft:oak_log":27,"minecraft:coal_ore":32,"minecraft:dirt":12,"minecraft:crimson_planks":4,"minecraft:dispenser":1,"minecraft:oak_leaves":5},"minecraft:picked_up":{"minecraft:crafting_table":1,"minecraft:prismarine_shard":8,"minecraft:enchanted_book":1,"minecraft:crimson_planks":5,"iceandfire:manuscript":4,"iceandfire:graveyard_soil":6,"goety:ectoplasm":1,"minecraft:spruce_planks":10,"minecraft:beef":6,"minecraft:oak_boat":9,"born_in_chaos_v1:gnawed_bones":1,"minecraft:spruce_slab":1,"minecraft:lectern":1,"irons_spellbooks:inscription_table":1,"minecraft:furnace":1,"minecraft:raw_iron":3,"iceandfire:ghost_chest":2,"blocky_siege:barrel_of_gunpowder":2,"minecraft:porkchop":3,"tombstone:grave_dust":1,"born_in_chaos_v1:black_argillite_brick_stairs":6,"minecraft:purple_terracotta":4,"hexerei:sage_seed":1,"iceandfire:silver_ingot":3,"minecraft:arrow":3,"minecraft:rotten_flesh":7,"minecraft:hay_block":5,"minecraft:gold_ingot":2,"supplementaries:ash":1,"minecraft:mutton":4,"minecraft:cod":4,"minecraft:cobblestone":44,"minecraft:white_wool":4,"minecraft:leather":5,"minecraft:potato":15,"minecraft:filled_map":1,"minecraft:oak_log":28,"minecraft:chainmail_chestplate":1,"iceandfire:ectoplasm":8,"minecraft:yellow_bed":1,"minecraft:gunpowder":18,"minecraft:lapis_lazuli":6,"minecraft:dirt":17,"born_in_chaos_v1:monster_skin":2,"minecraft:bone":11,"minecraft:kelp":2,"minecraft:wheat_seeds":5,"minecraft:cobweb":3,"minecraft:oak_planks":15,"minecraft:book":6,"hexerei:animal_fat":2,"minecraft:sweet_berries":4,"minecraft:jungle_planks":8,"minecraft:white_bed":3,"minecraft:barrel":2,"botania:red_double_flower":3,"alexsmobs:raw_catfish":1,"minecraft:dispenser":1,"born_in_chaos_v1:fire_dust":2,"waystones:waystone":4,"minecraft:bone_meal":1,"minecraft:bread":14,"minecraft:chainmail_helmet":1,"goety:tall_skull":1,"minecraft:emerald":9,"born_in_chaos_v1:rotten_fish":1,"minecraft:coal":45},"minecraft:killed_by":{"minecraft:player":1,"iceandfire:siren":1,"minecraft:drowned":1,"minecraft:vindicator":2,"minecraft:zombie":1},"minecraft:used":{"irons_spellbooks:inscription_table":1,"botania:red_double_flower":1,"minecraft:flint_and_steel":3,"minecraft:spruce_slab":1,"minecraft:chest":1,"minecraft:dirt":17,"minecraft:mutton":1,"minecraft:jungle_planks":8,"minecraft:carrot":19,"blocky_siege:barrel_of_gunpowder":2,"minecraft:sweet_berries":1,"minecraft:furnace":3,"minecraft:cooked_cod":5,"tombstone:gift":3,"minecraft:cooked_beef":5,"minecraft:stone_pickaxe":48,"minecraft:oak_planks":20,"minecraft:wooden_pickaxe":22,"born_in_chaos_v1:black_argillite_brick_stairs":1,"minecraft:crafting_table":12,"minecraft:white_bed":4,"eidolon:silver_axe":40,"minecraft:bread":4,"minecraft:iron_pickaxe":33,"minecraft:stone_axe":115,"minecraft:cobblestone":14,"minecraft:cooked_porkchop":1,"minecraft:yellow_bed":1,"alexsmobs:animal_dictionary":3,"minecraft:oak_boat":11}},"DataVersion":3120}