{"stats":{"minecraft:broken":{"minecraft:golden_boots":1,"minecraft:stone_axe":2,"minecraft:leather_helmet":1,"minecraft:chainmail_helmet":1,"minecraft:iron_pickaxe":1},"minecraft:picked_up":{"minecraft:prismarine_shard":8,"minecraft:enchanted_book":1,"minecraft:crimson_planks":12,"iceandfire:manuscript":8,"minecraft:string":14,"minecraft:raw_copper":19,"minecraft:red_nether_bricks":2,"goety:ectoplasm":3,"alexsmobs:blood_sac":1,"minecraft:gold_nugget":46,"minecraft:cobbled_deepslate":24,"minecraft:spruce_planks":14,"minecraft:calcite":1,"minecraft:iron_pickaxe":2,"irons_spellbooks:inscription_table":2,"minecraft:furnace":4,"minecraft:stick":7,"iceandfire:ghost_chest":2,"blocky_siege:barrel_of_gunpowder":2,"minecraft:torch":6,"botania:black_mushroom":1,"hexerei:cloth":2,"minecraft:porkchop":6,"tombstone:grave_dust":9,"minecraft:pointed_dripstone":2,"minecraft:diorite":10,"born_in_chaos_v1:black_argillite_brick_stairs":6,"minecraft:golden_chestplate":1,"minecraft:goat_horn":1,"eidolon:tattered_cloth":2,"minecraft:rotten_flesh":30,"supplementaries:antique_ink":3,"alexsmobs:emu_egg":3,"supplementaries:ash":26,"minecraft:cod":4,"hexerei:waxing_kit":2,"minecraft:cobblestone":378,"eidolon:raw_silver":1,"minecraft:andesite":13,"minecraft:potato":133,"hexerei:witch_hazel_drying_rack":4,"minecraft:flint":3,"supplementaries:flax_seeds":1,"minecraft:lapis_lazuli":146,"minecraft:mangrove_slab":1,"minecraft:dirt":59,"born_in_chaos_v1:monster_skin":2,"minecraft:purple_carpet":4,"irons_spellbooks:hogskin":1,"minecraft:bone":17,"hexerei:wax_blend":6,"minecraft:wheat_seeds":16,"minecraft:raw_gold":16,"minecraft:fletching_table":1,"minecraft:oak_planks":30,"hexerei:animal_fat":2,"minecraft:poisonous_potato":1,"minecraft:jungle_planks":8,"minecraft:sand":1,"minecraft:cyan_bed":2,"minecraft:barrel":2,"hexerei:witch_hazel_altar":2,"minecraft:dispenser":1,"born_in_chaos_v1:fire_dust":4,"minecraft:diamond":1,"waystones:waystone":9,"minecraft:crossbow":1,"minecraft:granite":5,"minecraft:bone_meal":1,"minecraft:chainmail_helmet":2,"minecraft:golden_apple":1,"goety:tall_skull":1,"minecraft:bread":14,"minecraft:emerald":9,"minecraft:oak_sapling":13,"born_in_chaos_v1:rotten_fish":1,"minecraft:netherrack":8,"minecraft:crimson_roots":2,"iceandfire:dragon_skull_lightning":3,"sophisticatedbackpacks:gold_backpack":2,"minecraft:crafting_table":4,"iceandfire:chain":2,"minecraft:shield":1,"minecraft:cornflower":4,"iceandfire:graveyard_soil":6,"minecraft:beef":6,"minecraft:oak_boat":17,"born_in_chaos_v1:gnawed_bones":1,"minecraft:iron_nugget":12,"minecraft:spruce_slab":1,"minecraft:lectern":1,"minecraft:sugar_cane":8,"minecraft:chest":1,"hexerei:witch_hazel_window_pane":1,"minecraft:raw_iron":95,"iceandfire:dragonbone":42,"minecraft:oak_door":1,"iceandfire:chared_grass":1,"botania:pink_mushroom":1,"minecraft:carrot":6,"minecraft:redstone":46,"minecraft:purple_terracotta":4,"hexerei:sage_seed":9,"iceandfire:silver_ingot":3,"minecraft:arrow":11,"minecraft:hay_block":5,"minecraft:stripped_dark_oak_wood":1,"minecraft:gold_ingot":2,"minecraft:mutton":10,"minecraft:white_wool":5,"born_in_chaos_v1:corpse_maggot":12,"minecraft:crimson_stem":5,"minecraft:salmon":2,"minecraft:leather":6,"minecraft:filled_map":3,"minecraft:oak_log":108,"minecraft:chainmail_chestplate":2,"iceandfire:ectoplasm":8,"minecraft:yellow_bed":1,"minecraft:gunpowder":18,"tombstone:gift":1,"botania:light_blue_mystical_flower":1,"minecraft:apple":3,"minecraft:stone_bricks":1,"minecraft:kelp":2,"hexerei:pestle_and_mortar":2,"minecraft:iron_ingot":3,"minecraft:cobweb":3,"epicsamurai:aquamarine":1,"minecraft:iron_sword":2,"minecraft:purple_concrete":4,"minecraft:book":36,"epicsamurai:onyx":11,"minecraft:sweet_berries":4,"born_in_chaos_v1:ethereal_spirit":2,"minecraft:quartz":20,"minecraft:dripstone_block":4,"minecraft:gravel":89,"minecraft:amethyst_shard":13,"minecraft:blast_furnace":6,"minecraft:white_bed":11,"botania:red_double_flower":3,"alexsmobs:raw_catfish":1,"minecraft:purple_bed":1,"hexerei:herb_jar":2,"minecraft:gray_wool":2,"minecraft:coal":165},"minecraft:mined":{"hexerei:herb_jar":1,"minecraft:spruce_planks":10,"minecraft:white_bed":9,"minecraft:red_nether_bricks":1,"minecraft:granite":5,"minecraft:grass_block":19,"minecraft:spawner":4,"minecraft:fire":20,"minecraft:barrel":2,"minecraft:iron_ore":74,"minecraft:cobbled_deepslate":2,"born_in_chaos_v1:black_argillite_brick_stairs":6,"minecraft:fletching_table":1,"minecraft:deepslate_lapis_ore":11,"minecraft:stripped_dark_oak_wood":1,"minecraft:pointed_dripstone":1,"botania:light_blue_mystical_flower":1,"minecraft:spruce_slab":1,"minecraft:tripwire":1,"hexerei:witch_hazel_altar":2,"minecraft:deepslate_redstone_ore":2,"hexerei:witch_hazel_drying_rack":2,"minecraft:powder_snow":7,"minecraft:torch":1,"minecraft:blast_furnace":6,"minecraft:calcite":1,"iceandfire:ghost_chest":1,"minecraft:chest":1,"minecraft:nether_quartz_ore":20,"minecraft:cobblestone":27,"minecraft:sugar_cane":3,"minecraft:cyan_bed":2,"minecraft:oak_planks":7,"minecraft:wall_torch":2,"minecraft:dark_oak_slab":1,"minecraft:grass":107,"minecraft:oak_log":107,"minecraft:sand":1,"minecraft:dirt":40,"minecraft:crimson_planks":11,"minecraft:dispenser":1,"minecraft:netherrack":9,"minecraft:oak_leaves":88,"minecraft:deepslate":25,"minecraft:nether_gold_ore":6,"eidolon:deep_silver_ore":1,"blocky_siege:barrel_of_gunpowder":2,"epicsamurai:deepslate_onyx_ore":8,"minecraft:deepslate_diamond_ore":1,"minecraft:purple_terracotta":2,"minecraft:jungle_planks":10,"minecraft:crimson_roots":2,"minecraft:crimson_stem":5,"iceandfire:chared_grass":1,"minecraft:hay_block":4,"epicsamurai:onyx_ore":3,"minecraft:redstone_ore":8,"blocky_siege:reinforced_spruce_trapdoor":1,"minecraft:furnace":4,"minecraft:carrots":2,"minecraft:andesite":16,"minecraft:bookshelf":12,"minecraft:potatoes":34,"minecraft:deepslate_iron_ore":25,"minecraft:vine":1,"hexerei:witch_hazel_window_pane":1,"irons_spellbooks:inscription_table":2,"minecraft:stone":339,"epicsamurai:deepslate_aquamarine_ore":1,"minecraft:crafting_table":4,"minecraft:cornflower":4,"botania:pink_mushroom":1,"minecraft:lectern":1,"minecraft:copper_ore":6,"minecraft:tall_grass":21,"born_in_chaos_v1:chipped_black_argillite_brick":2,"minecraft:lapis_ore":10,"minecraft:deepslate_gold_ore":10,"minecraft:diorite":11,"supplementaries:urn":9,"botania:red_double_flower":1,"minecraft:purple_bed":1,"minecraft:purple_concrete":4,"minecraft:yellow_bed":1,"minecraft:mangrove_slab":1,"minecraft:coal_ore":132,"minecraft:gravel":94,"minecraft:cobweb":9},"minecraft:custom":{"minecraft:interact_with_crafting_table":66,"minecraft:open_barrel":29,"minecraft:eat_cake_slice":7,"minecraft:leave_game":6,"minecraft:time_since_death":1041,"minecraft:sprint_one_cm":749529,"minecraft:damage_blocked_by_shield":3645,"minecraft:drop":105,"minecraft:talked_to_villager":14,"minecraft:play_time":414466,"minecraft:deaths":33,"minecraft:jump":8791,"minecraft:walk_on_water_one_cm":83937,"minecraft:interact_with_furnace":35,"minecraft:traded_with_villager":5,"minecraft:sleep_in_bed":13,"minecraft:waystone_activated":9,"minecraft:damage_dealt":18673,"minecraft:crouch_one_cm":5075,"tombstone:undead_killed":28,"minecraft:inspect_dispenser":3,"minecraft:mob_kills":82,"minecraft:damage_dealt_resisted":540,"minecraft:climb_one_cm":10287,"minecraft:walk_one_cm":1004175,"minecraft:sneak_time":3805,"minecraft:walk_under_water_one_cm":79371,"minecraft:boat_one_cm":909526,"minecraft:interact_with_blast_furnace":8,"minecraft:total_world_time":414466,"tombstone:raider_killed":19,"minecraft:time_since_rest":1,"minecraft:damage_taken":23775,"minecraft:swim_one_cm":142777,"minecraft:fly_one_cm":1721068,"minecraft:open_chest":151,"minecraft:fish_caught":2,"minecraft:fall_one_cm":217991},"minecraft:used":{"alexsmobs:emu_egg":1,"irons_spellbooks:inscription_table":2,"botania:red_double_flower":1,"minecraft:spruce_slab":1,"hexerei:witch_hazel_window_pane":1,"minecraft:chest":6,"minecraft:shield":34,"minecraft:iron_sword":172,"minecraft:rotten_flesh":4,"minecraft:mutton":4,"minecraft:jungle_planks":8,"minecraft:carrot":73,"botania:black_mushroom":1,"minecraft:lava_bucket":15,"minecraft:stone_bricks":1,"minecraft:sweet_berries":1,"minecraft:furnace":8,"minecraft:oak_sapling":13,"minecraft:cooked_cod":5,"minecraft:potato":89,"hexerei:pestle_and_mortar":1,"minecraft:stone_pickaxe":246,"minecraft:oak_planks":40,"minecraft:wooden_pickaxe":53,"minecraft:blast_furnace":6,"minecraft:dripstone_block":4,"waystones:waystone":6,"minecraft:bread":32,"minecraft:cyan_bed":2,"minecraft:string":1,"minecraft:gravel":77,"minecraft:andesite":2,"minecraft:oak_boat":20,"minecraft:stone_sword":36,"minecraft:flint_and_steel":6,"born_in_chaos_v1:fried_maggot":3,"minecraft:stone_hoe":103,"minecraft:netherrack":7,"minecraft:torch":92,"minecraft:dirt":55,"blocky_siege:barrel_of_gunpowder":2,"minecraft:crimson_planks":18,"minecraft:bamboo":4,"tombstone:gift":5,"minecraft:cooked_beef":5,"minecraft:cobbled_deepslate":6,"hexerei:witch_hazel_drying_rack":2,"minecraft:pointed_dripstone":2,"minecraft:wheat_seeds":10,"minecraft:water_bucket":42,"minecraft:baked_potato":12,"minecraft:fletching_table":2,"iceandfire:dragon_skull_lightning":1,"born_in_chaos_v1:black_argillite_brick_stairs":1,"minecraft:crafting_table":19,"botania:light_blue_mystical_flower":3,"minecraft:white_bed":11,"eidolon:silver_axe":40,"minecraft:cake":1,"minecraft:cornflower":1,"minecraft:apple":2,"hexerei:sage_seed":9,"minecraft:iron_pickaxe":521,"hexerei:witch_hazel_altar":2,"minecraft:stone_axe":286,"minecraft:fishing_rod":3,"minecraft:cobblestone":204,"minecraft:cooked_porkchop":1,"iceandfire:chared_grass":1,"minecraft:bucket":58,"minecraft:pumpkin_pie":4,"minecraft:yellow_bed":1,"alexsmobs:animal_dictionary":3},"minecraft:killed":{"minecraft:spider":2,"minecraft:cod":3,"minecraft:skeleton":10,"born_in_chaos_v1:firelight_not_despawn":2,"minecraft:magma_cube":2,"minecraft:pig":1,"minecraft:zombie_villager":1,"alexsmobs:crimson_mosquito":1,"minecraft:sheep":5,"minecraft:pillager":4,"minecraft:zombie":9,"born_in_chaos_v1:corpse_fly":8,"goety:wraith":3,"minecraft:cow":3,"minecraft:vindicator":15,"born_in_chaos_v1:firelight":3,"born_in_chaos_v1:maggot":2,"eidolon:wraith":3,"minecraft:drowned":1,"minecraft:hoglin":1,"born_in_chaos_v1:decrepit_skeleton":1},"minecraft:dropped":{"eidolon:raw_silver":1,"minecraft:cod":6,"sophisticatedbackpacks:gold_backpack":1,"born_in_chaos_v1:monster_skin":1,"minecraft:cornflower":3,"minecraft:mutton":3,"minecraft:bone_meal":1,"minecraft:sand":1,"minecraft:iron_pickaxe":1,"minecraft:mangrove_slab":1,"minecraft:oak_door":1,"minecraft:gravel":12,"born_in_chaos_v1:fire_dust":7,"minecraft:golden_chestplate":1,"tombstone:gift":1,"minecraft:rotten_flesh":8,"goety:ectoplasm":1,"minecraft:leather_chestplate":1,"supplementaries:flax_seeds":1,"eidolon:silver_axe":1,"iceandfire:ghost_chest":1,"goety:jade":5,"born_in_chaos_v1:corpse_maggot":3,"tombstone:scroll_of_knowledge":1,"minecraft:red_nether_bricks":2,"botania:red_double_flower":2,"minecraft:bread":11,"minecraft:wheat_seeds":9,"minecraft:prismarine_shard":4,"minecraft:copper_ingot":1,"minecraft:gray_wool":1,"minecraft:kelp":1,"born_in_chaos_v1:black_argillite_brick_stairs":3,"hexerei:sage_seed":5,"born_in_chaos_v1:rotten_fish":1,"botania:pink_mushroom":1,"minecraft:flint_and_steel":1,"minecraft:bundle":1,"minecraft:purple_bed":1,"minecraft:oak_boat":3,"minecraft:stone_pickaxe":3,"minecraft:wooden_pickaxe":2,"minecraft:calcite":1},"minecraft:crafted":{"minecraft:oak_planks":408,"minecraft:iron_boots":1,"minecraft:chest":6,"minecraft:stone_hoe":1,"sophisticatedbackpacks:backpack":1,"minecraft:emerald":3,"minecraft:cooked_porkchop":1,"minecraft:crafting_table":16,"minecraft:baked_potato":71,"minecraft:wooden_pickaxe":4,"minecraft:copper_ingot":11,"minecraft:fletching_table":1,"minecraft:shield":2,"minecraft:stick":164,"minecraft:iron_ingot":21,"minecraft:iron_pickaxe":3,"minecraft:stone_sword":1,"minecraft:gold_ingot":2,"minecraft:furnace":6,"minecraft:flint_and_steel":1,"eidolon:silver_axe":1,"minecraft:iron_axe":1,"born_in_chaos_v1:fried_maggot":9,"minecraft:stone_pickaxe":6,"minecraft:dark_oak_planks":8,"minecraft:wheat":45,"sophisticatedbackpacks:iron_backpack":1,"minecraft:cooked_beef":6,"minecraft:cooked_cod":5,"minecraft:crimson_planks":20,"minecraft:iron_sword":1,"sophisticatedbackpacks:gold_backpack":1,"minecraft:bucket":2,"minecraft:stone_axe":6,"minecraft:bread":15,"minecraft:air":0,"minecraft:oak_boat":9,"minecraft:iron_leggings":1,"minecraft:white_bed":1,"minecraft:torch":86},"minecraft:killed_by":{"goety:wraith":1,"born_in_chaos_v1:nightmare_stalker":1,"iceandfire:siren":1,"minecraft:drowned":1,"alexsmobs:murmur_head":1,"minecraft:magma_cube":1,"minecraft:vindicator":2,"alexsmobs:crocodile":1,"minecraft:zombie":5,"iceandfire:fire_dragon":1,"minecraft:husk":1,"minecraft:player":2,"born_in_chaos_v1:bloody_gadfly":1,"minecraft:stray":1,"born_in_chaos_v1:firelight":1,"born_in_chaos_v1:barrel_zombie":1,"minecraft:skeleton":3,"alexsmobs:crimson_mosquito":1,"guardvillagers:guard":1}},"DataVersion":3120}