{"stats":{"minecraft:dropped":{"minecraft:wooden_pickaxe":1},"minecraft:crafted":{"minecraft:cooked_cod":3,"minecraft:oak_planks":56,"minecraft:cooked_porkchop":1,"minecraft:crafting_table":3,"minecraft:wooden_pickaxe":1,"minecraft:furnace":1,"minecraft:stone_axe":1,"minecraft:air":0,"minecraft:oak_boat":1,"minecraft:stick":8,"minecraft:stone_pickaxe":1},"minecraft:killed":{"minecraft:pig":1,"minecraft:vindicator":1,"minecraft:cod":3,"minecraft:pillager":1,"goety:wraith":1},"minecraft:custom":{"minecraft:interact_with_furnace":8,"minecraft:mob_kills":6,"tombstone:raider_killed":2,"minecraft:interact_with_crafting_table":7,"minecraft:open_barrel":8,"minecraft:leave_game":1,"minecraft:time_since_death":3056,"minecraft:climb_one_cm":3908,"minecraft:time_since_rest":778,"minecraft:sprint_one_cm":33666,"minecraft:damage_taken":1612,"minecraft:walk_one_cm":38142,"minecraft:drop":1,"minecraft:damage_dealt":1123,"minecraft:swim_one_cm":23973,"minecraft:fly_one_cm":149943,"minecraft:play_time":24896,"tombstone:undead_killed":1,"minecraft:deaths":2,"minecraft:sneak_time":55,"minecraft:walk_under_water_one_cm":7678,"minecraft:boat_one_cm":18640,"minecraft:jump":534,"minecraft:walk_on_water_one_cm":4812,"minecraft:total_world_time":24896,"minecraft:fall_one_cm":8388,"minecraft:inspect_dispenser":3},"minecraft:mined":{"minecraft:crafting_table":1,"minecraft:purple_terracotta":2,"minecraft:jungle_planks":5,"iceandfire:ghost_chest":1,"minecraft:tall_grass":1,"minecraft:oak_planks":1,"minecraft:hay_block":4,"minecraft:furnace":1,"minecraft:barrel":2,"minecraft:oak_log":14,"minecraft:coal_ore":15,"minecraft:vine":1,"minecraft:dirt":7,"minecraft:crimson_planks":4,"minecraft:dispenser":1,"minecraft:stone":17,"minecraft:oak_leaves":2,"minecraft:spruce_slab":1},"minecraft:picked_up":{"minecraft:crafting_table":1,"minecraft:prismarine_shard":4,"iceandfire:ectoplasm":4,"minecraft:oak_log":15,"minecraft:chainmail_chestplate":1,"minecraft:crimson_planks":5,"iceandfire:manuscript":4,"minecraft:dirt":7,"born_in_chaos_v1:monster_skin":1,"minecraft:bone":9,"iceandfire:graveyard_soil":6,"minecraft:wheat_seeds":4,"goety:ectoplasm":1,"minecraft:cobweb":3,"born_in_chaos_v1:gnawed_bones":1,"minecraft:spruce_slab":1,"minecraft:oak_planks":2,"minecraft:furnace":1,"hexerei:animal_fat":1,"iceandfire:ghost_chest":1,"minecraft:porkchop":3,"minecraft:jungle_planks":4,"minecraft:barrel":2,"minecraft:purple_terracotta":4,"alexsmobs:raw_catfish":1,"hexerei:sage_seed":1,"iceandfire:silver_ingot":3,"minecraft:arrow":2,"minecraft:dispenser":1,"minecraft:rotten_flesh":5,"waystones:waystone":1,"minecraft:hay_block":5,"minecraft:chainmail_helmet":1,"minecraft:gold_ingot":1,"minecraft:mutton":1,"minecraft:coal":29,"minecraft:cod":3,"minecraft:white_wool":1,"minecraft:cobblestone":17},"minecraft:used":{"minecraft:spruce_slab":1,"minecraft:stone_pickaxe":28,"minecraft:oak_planks":10,"minecraft:wooden_pickaxe":14,"minecraft:dirt":7,"minecraft:crafting_table":4,"minecraft:stone_axe":51,"minecraft:cooked_porkchop":1,"minecraft:furnace":2,"minecraft:cooked_cod":3,"alexsmobs:animal_dictionary":1,"minecraft:oak_boat":1},"minecraft:killed_by":{"minecraft:vindicator":2}},"DataVersion":3120}