{"stats":{"minecraft:crafted":{"minecraft:cooked_cod":1,"minecraft:oak_planks":16,"minecraft:crafting_table":2,"minecraft:stick":8,"minecraft:wooden_pickaxe":1,"minecraft:stone_pickaxe":1,"minecraft:furnace":1,"minecraft:stone_axe":1,"minecraft:air":0},"minecraft:killed":{"goety:wraith":1,"minecraft:cod":3},"minecraft:custom":{"minecraft:time_since_rest":12896,"minecraft:interact_with_furnace":4,"minecraft:sprint_one_cm":18372,"minecraft:damage_taken":52,"minecraft:walk_one_cm":14020,"minecraft:mob_kills":4,"minecraft:damage_dealt":340,"minecraft:swim_one_cm":2498,"minecraft:interact_with_crafting_table":6,"minecraft:fly_one_cm":56803,"tombstone:undead_killed":1,"minecraft:play_time":12896,"minecraft:sneak_time":7,"minecraft:walk_under_water_one_cm":1654,"minecraft:jump":230,"minecraft:walk_on_water_one_cm":3221,"minecraft:leave_game":1,"minecraft:time_since_death":12896,"minecraft:total_world_time":12896,"minecraft:fall_one_cm":7970},"minecraft:mined":{"minecraft:crafting_table":1,"minecraft:coal_ore":15,"minecraft:oak_log":14,"minecraft:vine":1,"iceandfire:ghost_chest":1,"minecraft:dirt":7,"minecraft:stone":17,"minecraft:oak_leaves":2},"minecraft:picked_up":{"minecraft:crafting_table":1,"iceandfire:ghost_chest":1,"minecraft:oak_log":14,"minecraft:chainmail_chestplate":1,"iceandfire:ectoplasm":4,"iceandfire:manuscript":4,"minecraft:dirt":7,"iceandfire:silver_ingot":3,"minecraft:bone":8,"iceandfire:graveyard_soil":6,"goety:ectoplasm":1,"waystones:waystone":1,"minecraft:cobweb":3,"minecraft:gold_ingot":1,"minecraft:chainmail_helmet":1,"minecraft:cod":3,"minecraft:coal":15,"minecraft:cobblestone":17},"minecraft:used":{"minecraft:stone_pickaxe":20,"minecraft:wooden_pickaxe":14,"minecraft:stone_axe":20,"minecraft:dirt":7,"minecraft:crafting_table":3,"minecraft:furnace":1,"minecraft:cooked_cod":1,"alexsmobs:animal_dictionary":1}},"DataVersion":3120}