{"stats":{"minecraft:used":{"alexsmobs:emu_egg":1,"irons_spellbooks:inscription_table":2,"botania:red_double_flower":1,"minecraft:iron_shovel":254,"minecraft:spruce_slab":1,"hexerei:witch_hazel_window_pane":1,"minecraft:ladder":2,"minecraft:chest":6,"minecraft:shield":79,"minecraft:iron_sword":369,"minecraft:rotten_flesh":4,"minecraft:mutton":4,"minecraft:jungle_planks":8,"minecraft:carrot":127,"botania:black_mushroom":1,"minecraft:jungle_sapling":6,"minecraft:lava_bucket":32,"minecraft:stone_bricks":1,"hexerei:crystal_ball":1,"minecraft:sweet_berries":1,"supplementaries:ash":2,"minecraft:oak_sapling":27,"minecraft:furnace":10,"minecraft:cooked_cod":14,"minecraft:egg":1,"minecraft:potato":151,"minecraft:diorite":2,"hexerei:pestle_and_mortar":2,"minecraft:stone_pickaxe":250,"minecraft:oak_planks":79,"minecraft:wooden_pickaxe":53,"minecraft:composter":3,"minecraft:blast_furnace":12,"minecraft:dripstone_block":4,"waystones:waystone":10,"minecraft:bread":35,"minecraft:cyan_bed":2,"minecraft:string":1,"minecraft:lectern":6,"minecraft:gravel":77,"minecraft:andesite":2,"minecraft:oak_boat":34,"minecraft:bone_meal":21,"minecraft:stone_sword":107,"minecraft:flint_and_steel":6,"minecraft:stone_shovel":101,"minecraft:redstone":1,"vinery:jungle_grapes_red":1,"born_in_chaos_v1:fried_maggot":3,"minecraft:stone_hoe":103,"minecraft:netherrack":8,"minecraft:torch":133,"minecraft:brewing_stand":1,"minecraft:dirt":284,"blocky_siege:barrel_of_gunpowder":2,"born_in_chaos_v1:black_argillite_button":1,"minecraft:iron_axe":229,"botania:pink_mystical_flower":1,"minecraft:crimson_planks":18,"minecraft:bamboo":4,"tombstone:gift":5,"minecraft:cooked_beef":5,"minecraft:cobbled_deepslate":51,"hexerei:witch_hazel_drying_rack":3,"minecraft:pointed_dripstone":4,"minecraft:wheat_seeds":11,"minecraft:water_bucket":111,"minecraft:baked_potato":49,"minecraft:cauldron":3,"minecraft:fletching_table":17,"iceandfire:dragon_skull_lightning":1,"born_in_chaos_v1:black_argillite_brick_stairs":1,"minecraft:crafting_table":24,"botania:light_blue_mystical_flower":3,"minecraft:white_bed":35,"eidolon:silver_axe":40,"minecraft:cake":1,"minecraft:diamond_pickaxe":18,"minecraft:cornflower":1,"minecraft:apple":3,"hexerei:sage_seed":9,"minecraft:iron_pickaxe":664,"hexerei:witch_hazel_altar":2,"minecraft:stone_axe":288,"minecraft:fishing_rod":22,"minecraft:cobblestone":228,"minecraft:cooked_porkchop":1,"iceandfire:chared_grass":1,"minecraft:bucket":145,"minecraft:pumpkin_pie":4,"minecraft:yellow_bed":1,"alexsmobs:animal_dictionary":3},"minecraft:killed":{"minecraft:witch":1,"minecraft:spider":3,"minecraft:cod":3,"minecraft:skeleton":13,"born_in_chaos_v1:firelight_not_despawn":2,"minecraft:magma_cube":2,"minecraft:pig":1,"minecraft:zombie_villager":1,"alexsmobs:crimson_mosquito":1,"minecraft:sheep":5,"minecraft:pillager":4,"minecraft:zombie":21,"born_in_chaos_v1:corpse_fly":8,"goety:wraith":3,"minecraft:cow":3,"minecraft:vindicator":15,"born_in_chaos_v1:firelight":3,"born_in_chaos_v1:maggot":4,"eidolon:wraith":4,"minecraft:drowned":1,"born_in_chaos_v1:barrel_zombie":1,"minecraft:hoglin":1,"born_in_chaos_v1:decrepit_skeleton":1,"born_in_chaos_v1:bloody_gadfly":1},"minecraft:killed_by":{"goety:wraith":1,"born_in_chaos_v1:nightmare_stalker":2,"minecraft:creeper":2,"iceandfire:siren":1,"born_in_chaos_v1:zombie_bruiser":1,"eidolon:wraith":2,"minecraft:drowned":1,"alexsmobs:murmur_head":1,"minecraft:magma_cube":1,"minecraft:vindicator":2,"alexsmobs:crocodile":1,"born_in_chaos_v1:diamond_termite":1,"minecraft:witch":1,"minecraft:zombie":14,"iceandfire:fire_dragon":5,"minecraft:husk":1,"minecraft:player":2,"born_in_chaos_v1:bloody_gadfly":1,"minecraft:stray":1,"minecraft:spider":2,"born_in_chaos_v1:firelight":1,"born_in_chaos_v1:barrel_zombie":1,"minecraft:skeleton":4,"alexsmobs:crimson_mosquito":1,"guardvillagers:guard":1},"minecraft:broken":{"minecraft:iron_shovel":1,"minecraft:golden_boots":1,"minecraft:iron_boots":1,"minecraft:iron_leggings":1,"minecraft:stone_axe":2,"minecraft:leather_helmet":1,"minecraft:chainmail_helmet":1,"minecraft:shield":2,"minecraft:iron_pickaxe":1},"minecraft:dropped":{"minecraft:crafting_table":1,"eidolon:raw_silver":1,"minecraft:cod":6,"sophisticatedbackpacks:gold_backpack":1,"born_in_chaos_v1:monster_skin":1,"minecraft:cornflower":3,"minecraft:mutton":3,"minecraft:bone_meal":1,"iceandfire:ash":2,"minecraft:sand":1,"minecraft:iron_pickaxe":1,"minecraft:mangrove_slab":1,"minecraft:oak_door":1,"minecraft:gravel":19,"minecraft:stone_axe":1,"born_in_chaos_v1:fire_dust":7,"hexerei:blood_sigil":1,"minecraft:golden_chestplate":1,"tombstone:gift":1,"minecraft:rotten_flesh":9,"minecraft:oak_planks":10,"goety:ectoplasm":1,"minecraft:carrot":59,"minecraft:leather_chestplate":1,"supplementaries:flax_seeds":1,"eidolon:silver_axe":1,"supplementaries:ash":1,"iceandfire:ghost_chest":1,"goety:jade":5,"born_in_chaos_v1:corpse_maggot":4,"minecraft:ladder":7,"tombstone:scroll_of_knowledge":1,"minecraft:red_nether_bricks":2,"minecraft:iron_bars":4,"botania:red_double_flower":2,"minecraft:bread":11,"minecraft:wheat_seeds":19,"minecraft:prismarine_shard":4,"minecraft:copper_ingot":1,"minecraft:gray_wool":1,"minecraft:diorite":3,"minecraft:oak_stairs":3,"minecraft:string":1,"minecraft:bricks":3,"minecraft:kelp":1,"born_in_chaos_v1:black_argillite_brick_stairs":3,"hexerei:sage_seed":10,"minecraft:stone_sword":1,"minecraft:tuff":10,"minecraft:stone_shovel":1,"born_in_chaos_v1:rotten_fish":1,"minecraft:flint_and_steel":1,"botania:pink_mushroom":1,"minecraft:potato":133,"minecraft:bundle":1,"minecraft:purple_bed":1,"minecraft:yellow_bed":3,"minecraft:oak_boat":3,"minecraft:stone_pickaxe":4,"minecraft:wooden_pickaxe":2,"minecraft:calcite":1},"minecraft:crafted":{"minecraft:oak_planks":796,"spartanshields:iron_basic_shield":1,"minecraft:iron_boots":2,"minecraft:chest":7,"minecraft:stone_hoe":1,"irons_spellbooks:copper_spell_book":1,"sophisticatedbackpacks:backpack":2,"minecraft:emerald":34,"minecraft:cauldron":1,"minecraft:cooked_porkchop":1,"minecraft:crafting_table":17,"minecraft:iron_helmet":1,"minecraft:baked_potato":122,"minecraft:wooden_pickaxe":4,"minecraft:copper_ingot":16,"minecraft:fletching_table":2,"minecraft:paper":6,"minecraft:iron_chestplate":2,"minecraft:diamond_pickaxe":1,"minecraft:shield":3,"minecraft:stick":1169,"minecraft:iron_ingot":55,"minecraft:iron_pickaxe":3,"minecraft:stone_sword":1,"minecraft:gold_ingot":15,"spartanshields:wooden_basic_shield":1,"minecraft:shears":1,"minecraft:stone_shovel":1,"minecraft:furnace":6,"minecraft:bone_meal":21,"minecraft:flint_and_steel":1,"eidolon:silver_axe":1,"minecraft:iron_axe":1,"born_in_chaos_v1:fried_maggot":9,"minecraft:stone_pickaxe":6,"minecraft:dark_oak_planks":8,"minecraft:wheat":45,"sophisticatedbackpacks:iron_backpack":2,"minecraft:cooked_beef":6,"minecraft:cooked_cod":14,"minecraft:crimson_planks":20,"minecraft:iron_sword":3,"sophisticatedbackpacks:gold_backpack":2,"minecraft:bucket":3,"minecraft:stone_axe":6,"minecraft:jungle_planks":100,"minecraft:bread":15,"minecraft:air":0,"minecraft:oak_boat":12,"minecraft:iron_shovel":1,"minecraft:iron_leggings":2,"minecraft:white_bed":1,"minecraft:torch":122},"minecraft:mined":{"hexerei:herb_jar":1,"minecraft:large_amethyst_bud":1,"minecraft:spruce_planks":10,"minecraft:white_bed":31,"minecraft:oak_sapling":1,"minecraft:jungle_leaves":48,"minecraft:red_nether_bricks":1,"minecraft:brewing_stand":2,"minecraft:granite":5,"minecraft:grass_block":71,"minecraft:jungle_log":47,"minecraft:composter":4,"minecraft:spawner":4,"epicsamurai:deepslate_jade_ore":8,"minecraft:cobbled_deepslate":3,"minecraft:barrel":2,"minecraft:iron_ore":79,"born_in_chaos_v1:black_argillite_brick_slab":2,"minecraft:fire":22,"born_in_chaos_v1:black_argillite_brick_stairs":6,"minecraft:deepslate_lapis_ore":11,"minecraft:fletching_table":15,"minecraft:stripped_dark_oak_wood":1,"minecraft:pointed_dripstone":3,"minecraft:dirt_path":1,"minecraft:iron_bars":2,"botania:light_blue_mystical_flower":1,"minecraft:spruce_slab":1,"minecraft:tripwire":1,"hexerei:witch_hazel_altar":2,"minecraft:deepslate_redstone_ore":2,"hexerei:witch_hazel_drying_rack":3,"minecraft:powder_snow":7,"born_in_chaos_v1:infected_deepslate_diamond_ore":1,"minecraft:torch":1,"minecraft:blast_furnace":12,"minecraft:calcite":1,"iceandfire:ghost_chest":1,"minecraft:chest":1,"minecraft:nether_quartz_ore":20,"minecraft:cobblestone":34,"minecraft:cyan_bed":2,"minecraft:oak_planks":22,"minecraft:sugar_cane":3,"minecraft:wall_torch":6,"minecraft:cauldron":2,"minecraft:dark_oak_slab":1,"minecraft:grass":155,"minecraft:oak_log":210,"minecraft:sand":1,"minecraft:dirt":397,"minecraft:crimson_planks":11,"minecraft:dispenser":1,"minecraft:netherrack":11,"minecraft:oak_leaves":141,"minecraft:deepslate":52,"minecraft:nether_gold_ore":6,"minecraft:crying_obsidian":2,"minecraft:tuff":14,"eidolon:deep_silver_ore":1,"blocky_siege:barrel_of_gunpowder":2,"epicsamurai:deepslate_onyx_ore":8,"minecraft:deepslate_diamond_ore":3,"born_in_chaos_v1:infected_diamond_ore":1,"minecraft:purple_terracotta":2,"minecraft:jungle_planks":10,"minecraft:crimson_roots":2,"minecraft:crimson_stem":5,"iceandfire:chared_grass":1,"minecraft:hay_block":4,"epicsamurai:onyx_ore":3,"minecraft:redstone_ore":8,"blocky_siege:reinforced_spruce_trapdoor":1,"minecraft:furnace":5,"minecraft:carrots":27,"minecraft:jungle_sapling":1,"hexerei:crystal_ball":1,"minecraft:andesite":16,"minecraft:bookshelf":14,"minecraft:potatoes":97,"minecraft:deepslate_iron_ore":48,"minecraft:vine":4,"hexerei:witch_hazel_window_pane":1,"irons_spellbooks:inscription_table":2,"minecraft:stone":364,"epicsamurai:jade_ore":4,"epicsamurai:deepslate_aquamarine_ore":1,"minecraft:crafting_table":7,"minecraft:cornflower":4,"minecraft:emerald_ore":1,"botania:pink_mushroom":1,"minecraft:lectern":7,"minecraft:copper_ore":6,"minecraft:tall_grass":46,"born_in_chaos_v1:chipped_black_argillite_brick":3,"minecraft:deepslate_gold_ore":17,"minecraft:lapis_ore":10,"minecraft:diorite":14,"supplementaries:urn":12,"botania:pink_mystical_flower":1,"minecraft:purple_bed":1,"botania:red_double_flower":1,"hexerei:pestle_and_mortar":1,"minecraft:purple_concrete":4,"minecraft:yellow_bed":2,"minecraft:mangrove_slab":1,"minecraft:coal_ore":132,"minecraft:gravel":103,"minecraft:cobweb":9},"minecraft:custom":{"minecraft:interact_with_crafting_table":90,"minecraft:open_barrel":30,"minecraft:eat_cake_slice":7,"minecraft:leave_game":12,"minecraft:time_since_death":43008,"minecraft:sprint_one_cm":1264162,"minecraft:damage_blocked_by_shield":6100,"minecraft:drop":374,"minecraft:talked_to_villager":53,"minecraft:play_time":664640,"minecraft:deaths":59,"minecraft:jump":14573,"minecraft:walk_on_water_one_cm":122284,"minecraft:interact_with_furnace":60,"minecraft:traded_with_villager":38,"minecraft:sleep_in_bed":17,"minecraft:waystone_activated":14,"minecraft:damage_dealt":31871,"minecraft:crouch_one_cm":9763,"tombstone:undead_killed":45,"minecraft:use_cauldron":1,"minecraft:inspect_dispenser":3,"minecraft:mob_kills":109,"minecraft:damage_dealt_resisted":540,"minecraft:climb_one_cm":14170,"minecraft:walk_one_cm":1587917,"minecraft:sneak_time":6206,"minecraft:walk_under_water_one_cm":124673,"minecraft:boat_one_cm":1157960,"minecraft:interact_with_blast_furnace":18,"minecraft:total_world_time":664640,"tombstone:raider_killed":21,"minecraft:time_since_rest":13051,"minecraft:damage_taken":42497,"minecraft:swim_one_cm":251748,"minecraft:fly_one_cm":2937441,"minecraft:open_chest":286,"minecraft:fish_caught":14,"minecraft:fall_one_cm":371429},"minecraft:picked_up":{"minecraft:prismarine_shard":8,"minecraft:oak_stairs":3,"minecraft:enchanted_book":1,"hexerei:herb_drying_rack_full":1,"minecraft:crimson_planks":12,"minecraft:brewing_stand":2,"iceandfire:manuscript":8,"minecraft:string":16,"minecraft:raw_copper":19,"minecraft:red_nether_bricks":2,"minecraft:pufferfish":1,"goety:ectoplasm":3,"alexsmobs:blood_sac":1,"minecraft:gold_nugget":46,"minecraft:cobbled_deepslate":59,"minecraft:spruce_planks":14,"minecraft:calcite":1,"minecraft:iron_pickaxe":2,"irons_spellbooks:inscription_table":2,"minecraft:furnace":5,"minecraft:stick":20,"iceandfire:ghost_chest":2,"blocky_siege:barrel_of_gunpowder":2,"minecraft:composter":4,"minecraft:torch":12,"botania:black_mushroom":1,"minecraft:porkchop":6,"hexerei:cloth":2,"tombstone:grave_dust":11,"minecraft:pointed_dripstone":4,"minecraft:diorite":13,"born_in_chaos_v1:black_argillite_brick_stairs":6,"minecraft:golden_chestplate":1,"minecraft:cauldron":2,"minecraft:goat_horn":1,"eidolon:tattered_cloth":4,"minecraft:rotten_flesh":44,"supplementaries:antique_ink":3,"alexsmobs:emu_egg":3,"supplementaries:ash":28,"minecraft:iron_bars":4,"minecraft:cod":13,"hexerei:waxing_kit":2,"minecraft:cobblestone":408,"minecraft:nautilus_shell":1,"eidolon:raw_silver":1,"minecraft:andesite":13,"minecraft:jungle_log":47,"minecraft:potato":364,"hexerei:witch_hazel_drying_rack":5,"minecraft:flint":5,"minecraft:tuff":8,"supplementaries:flax_seeds":1,"born_in_chaos_v1:black_argillite_button":1,"minecraft:lapis_lazuli":146,"minecraft:mangrove_slab":1,"minecraft:dirt":465,"born_in_chaos_v1:monster_skin":2,"minecraft:purple_carpet":4,"irons_spellbooks:hogskin":1,"minecraft:bone":32,"hexerei:wax_blend":6,"minecraft:wheat_seeds":29,"botania:pink_mystical_flower":1,"minecraft:raw_gold":23,"minecraft:fletching_table":15,"minecraft:glowstone_dust":1,"minecraft:oak_planks":63,"hexerei:animal_fat":2,"minecraft:poisonous_potato":2,"minecraft:jungle_planks":8,"minecraft:sand":1,"minecraft:cyan_bed":2,"minecraft:barrel":2,"hexerei:witch_hazel_altar":2,"minecraft:bundle":1,"minecraft:dispenser":1,"vinery:jungle_grapes_red":86,"born_in_chaos_v1:fire_dust":4,"minecraft:diamond":3,"waystones:waystone":15,"minecraft:crossbow":1,"minecraft:granite":5,"minecraft:bone_meal":1,"minecraft:golden_apple":1,"goety:tall_skull":1,"minecraft:chainmail_helmet":2,"minecraft:bread":14,"minecraft:emerald":10,"minecraft:oak_sapling":27,"born_in_chaos_v1:rotten_fish":2,"minecraft:netherrack":10,"minecraft:bricks":3,"minecraft:crimson_roots":2,"iceandfire:dragon_skull_lightning":3,"sophisticatedbackpacks:gold_backpack":2,"minecraft:fishing_rod":1,"minecraft:crafting_table":8,"minecraft:ladder":1,"iceandfire:chain":2,"minecraft:shield":1,"minecraft:cornflower":4,"hexerei:crystal_ball":1,"epicsamurai:jade":12,"iceandfire:graveyard_soil":6,"minecraft:beef":6,"minecraft:oak_boat":31,"born_in_chaos_v1:gnawed_bones":1,"minecraft:jungle_sapling":6,"minecraft:iron_nugget":39,"minecraft:spruce_slab":1,"minecraft:lectern":7,"minecraft:sugar_cane":8,"minecraft:chest":1,"hexerei:witch_hazel_window_pane":1,"minecraft:egg":1,"minecraft:raw_iron":124,"iceandfire:dragonbone":42,"minecraft:oak_door":1,"iceandfire:chared_grass":1,"botania:pink_mushroom":1,"minecraft:carrot":102,"minecraft:redstone":47,"minecraft:purple_terracotta":4,"hexerei:sage_seed":18,"iceandfire:silver_ingot":3,"minecraft:arrow":16,"minecraft:hay_block":5,"minecraft:stripped_dark_oak_wood":1,"minecraft:gold_ingot":2,"hexerei:blood_sigil":1,"minecraft:mutton":10,"minecraft:white_wool":9,"born_in_chaos_v1:corpse_maggot":15,"minecraft:crimson_stem":5,"minecraft:salmon":5,"minecraft:leather":6,"minecraft:filled_map":3,"minecraft:oak_log":212,"minecraft:chainmail_chestplate":2,"iceandfire:ectoplasm":8,"minecraft:yellow_bed":4,"minecraft:gunpowder":19,"tombstone:gift":1,"botania:light_blue_mystical_flower":1,"minecraft:apple":4,"minecraft:stone_bricks":1,"minecraft:kelp":2,"hexerei:pestle_and_mortar":3,"minecraft:iron_ingot":21,"born_in_chaos_v1:chipped_black_argillite_brick":1,"minecraft:cobweb":3,"tombstone:bag_of_seeds":1,"epicsamurai:aquamarine":1,"minecraft:iron_sword":2,"minecraft:purple_concrete":4,"minecraft:book":42,"epicsamurai:onyx":11,"minecraft:sweet_berries":4,"born_in_chaos_v1:ethereal_spirit":2,"iceandfire:ash":1,"minecraft:quartz":20,"minecraft:dripstone_block":4,"minecraft:gravel":96,"minecraft:amethyst_shard":13,"minecraft:blast_furnace":12,"minecraft:white_bed":33,"minecraft:crying_obsidian":2,"botania:red_double_flower":3,"alexsmobs:raw_catfish":1,"minecraft:purple_bed":1,"minecraft:slime_ball":1,"hexerei:herb_jar":2,"minecraft:gray_wool":2,"minecraft:baked_potato":6,"minecraft:coal":185}},"DataVersion":3120}