{"stats":{"minecraft:dropped":{"minecraft:wooden_pickaxe":1,"botania:red_double_flower":2},"minecraft:crafted":{"minecraft:cooked_cod":5,"minecraft:oak_planks":60,"minecraft:cooked_porkchop":1,"minecraft:crafting_table":5,"minecraft:wooden_pickaxe":1,"minecraft:furnace":1,"minecraft:stone_axe":1,"minecraft:air":0,"eidolon:silver_axe":1,"minecraft:oak_boat":2,"minecraft:stick":8,"minecraft:stone_pickaxe":1},"minecraft:broken":{"minecraft:stone_axe":1},"minecraft:killed":{"minecraft:pig":1,"minecraft:vindicator":14,"minecraft:cod":3,"minecraft:pillager":1,"goety:wraith":1},"minecraft:custom":{"minecraft:interact_with_furnace":10,"minecraft:mob_kills":19,"tombstone:raider_killed":15,"minecraft:interact_with_crafting_table":9,"minecraft:open_barrel":11,"minecraft:leave_game":1,"minecraft:time_since_death":6974,"minecraft:climb_one_cm":3908,"minecraft:time_since_rest":4575,"minecraft:sprint_one_cm":44715,"minecraft:damage_taken":2491,"minecraft:walk_one_cm":64262,"minecraft:drop":3,"minecraft:damage_dealt":4923,"minecraft:swim_one_cm":40886,"minecraft:fly_one_cm":205454,"minecraft:crouch_one_cm":37,"minecraft:open_chest":14,"minecraft:play_time":36896,"tombstone:undead_killed":1,"minecraft:deaths":3,"minecraft:sneak_time":89,"minecraft:walk_under_water_one_cm":12282,"minecraft:boat_one_cm":47809,"minecraft:jump":765,"minecraft:walk_on_water_one_cm":13369,"minecraft:total_world_time":36896,"minecraft:fall_one_cm":9015,"minecraft:inspect_dispenser":3},"minecraft:mined":{"minecraft:spruce_planks":10,"minecraft:crafting_table":1,"minecraft:purple_terracotta":2,"minecraft:jungle_planks":10,"iceandfire:ghost_chest":1,"minecraft:tall_grass":1,"minecraft:oak_planks":1,"minecraft:hay_block":4,"botania:red_double_flower":1,"minecraft:furnace":1,"minecraft:barrel":2,"minecraft:oak_log":14,"minecraft:coal_ore":15,"minecraft:vine":1,"minecraft:dirt":7,"minecraft:crimson_planks":4,"minecraft:dispenser":1,"minecraft:stone":17,"minecraft:oak_leaves":2,"minecraft:spruce_slab":1},"minecraft:picked_up":{"minecraft:crafting_table":1,"minecraft:prismarine_shard":4,"iceandfire:ectoplasm":4,"minecraft:oak_log":15,"minecraft:chainmail_chestplate":1,"minecraft:crimson_planks":5,"iceandfire:manuscript":4,"minecraft:dirt":7,"born_in_chaos_v1:monster_skin":1,"minecraft:bone":9,"iceandfire:graveyard_soil":6,"minecraft:wheat_seeds":4,"goety:ectoplasm":1,"minecraft:spruce_planks":10,"minecraft:oak_boat":2,"minecraft:cobweb":3,"born_in_chaos_v1:gnawed_bones":1,"minecraft:spruce_slab":1,"minecraft:oak_planks":3,"minecraft:furnace":1,"hexerei:animal_fat":1,"iceandfire:ghost_chest":1,"minecraft:sweet_berries":2,"minecraft:porkchop":3,"minecraft:jungle_planks":8,"tombstone:grave_dust":1,"minecraft:barrel":2,"minecraft:purple_terracotta":4,"botania:red_double_flower":3,"alexsmobs:raw_catfish":1,"hexerei:sage_seed":1,"iceandfire:silver_ingot":3,"minecraft:arrow":2,"minecraft:dispenser":1,"minecraft:rotten_flesh":5,"waystones:waystone":1,"minecraft:hay_block":5,"goety:tall_skull":1,"minecraft:emerald":4,"minecraft:chainmail_helmet":1,"minecraft:gold_ingot":1,"minecraft:mutton":1,"minecraft:coal":29,"minecraft:cod":3,"minecraft:white_wool":1,"minecraft:cobblestone":17},"minecraft:killed_by":{"minecraft:vindicator":2,"minecraft:player":1},"minecraft:used":{"botania:red_double_flower":1,"minecraft:spruce_slab":1,"minecraft:stone_pickaxe":28,"minecraft:oak_planks":13,"minecraft:wooden_pickaxe":14,"minecraft:dirt":7,"minecraft:crafting_table":6,"minecraft:jungle_planks":8,"eidolon:silver_axe":30,"minecraft:stone_axe":87,"minecraft:cooked_porkchop":1,"minecraft:furnace":2,"minecraft:cooked_cod":5,"alexsmobs:animal_dictionary":1,"minecraft:oak_boat":4}},"DataVersion":3120}