{"stats":{"minecraft:dropped":{"minecraft:kelp":1,"minecraft:cod":6,"minecraft:stone_pickaxe":1,"minecraft:wooden_pickaxe":2,"botania:red_double_flower":2},"minecraft:crafted":{"minecraft:cooked_cod":5,"minecraft:oak_planks":92,"minecraft:cooked_porkchop":1,"minecraft:crafting_table":8,"minecraft:wooden_pickaxe":2,"minecraft:furnace":1,"minecraft:stone_axe":2,"minecraft:bread":15,"minecraft:air":0,"eidolon:silver_axe":1,"minecraft:oak_boat":3,"minecraft:stick":16,"minecraft:iron_pickaxe":1,"minecraft:stone_pickaxe":2,"minecraft:white_bed":1,"minecraft:wheat":45},"minecraft:broken":{"minecraft:stone_axe":1},"minecraft:killed":{"minecraft:pig":1,"minecraft:vindicator":14,"minecraft:cod":3,"minecraft:sheep":3,"minecraft:pillager":3,"goety:wraith":1,"born_in_chaos_v1:firelight_not_despawn":2},"minecraft:custom":{"minecraft:interact_with_furnace":10,"minecraft:mob_kills":27,"tombstone:raider_killed":17,"minecraft:interact_with_crafting_table":17,"minecraft:open_barrel":16,"minecraft:leave_game":1,"minecraft:time_since_death":5736,"minecraft:sleep_in_bed":1,"minecraft:climb_one_cm":3908,"minecraft:time_since_rest":11,"minecraft:sprint_one_cm":77682,"minecraft:damage_taken":3168,"minecraft:walk_one_cm":115423,"minecraft:drop":12,"minecraft:damage_dealt":5902,"minecraft:swim_one_cm":47397,"minecraft:fly_one_cm":302009,"minecraft:crouch_one_cm":440,"minecraft:open_chest":26,"minecraft:play_time":60896,"tombstone:undead_killed":1,"minecraft:deaths":4,"minecraft:sneak_time":277,"minecraft:walk_under_water_one_cm":18824,"minecraft:boat_one_cm":196545,"minecraft:jump":1245,"minecraft:walk_on_water_one_cm":16581,"minecraft:total_world_time":60896,"minecraft:fall_one_cm":24091,"minecraft:inspect_dispenser":3},"minecraft:mined":{"blocky_siege:barrel_of_gunpowder":2,"minecraft:spruce_planks":10,"minecraft:crafting_table":1,"minecraft:purple_terracotta":2,"minecraft:grass_block":4,"minecraft:jungle_planks":10,"iceandfire:ghost_chest":1,"born_in_chaos_v1:chipped_black_argillite_brick":1,"minecraft:tall_grass":1,"minecraft:oak_planks":1,"minecraft:spawner":1,"minecraft:hay_block":4,"botania:red_double_flower":1,"blocky_siege:reinforced_spruce_trapdoor":1,"minecraft:furnace":1,"minecraft:fire":5,"minecraft:barrel":2,"born_in_chaos_v1:black_argillite_brick_stairs":6,"minecraft:oak_log":22,"minecraft:coal_ore":23,"minecraft:vine":1,"minecraft:dirt":10,"minecraft:crimson_planks":4,"minecraft:dispenser":1,"minecraft:stone":24,"minecraft:oak_leaves":4,"minecraft:spruce_slab":1},"minecraft:picked_up":{"minecraft:crafting_table":1,"minecraft:prismarine_shard":4,"iceandfire:ectoplasm":4,"minecraft:oak_log":23,"minecraft:chainmail_chestplate":1,"minecraft:crimson_planks":5,"iceandfire:manuscript":4,"minecraft:dirt":14,"born_in_chaos_v1:monster_skin":1,"minecraft:bone":9,"minecraft:kelp":1,"iceandfire:graveyard_soil":6,"minecraft:wheat_seeds":4,"goety:ectoplasm":1,"minecraft:spruce_planks":10,"minecraft:oak_boat":3,"minecraft:cobweb":3,"born_in_chaos_v1:gnawed_bones":1,"minecraft:spruce_slab":1,"minecraft:oak_planks":3,"minecraft:furnace":1,"hexerei:animal_fat":1,"iceandfire:ghost_chest":1,"blocky_siege:barrel_of_gunpowder":2,"minecraft:sweet_berries":2,"minecraft:porkchop":3,"minecraft:jungle_planks":8,"tombstone:grave_dust":1,"born_in_chaos_v1:black_argillite_brick_stairs":3,"minecraft:barrel":2,"minecraft:purple_terracotta":4,"botania:red_double_flower":3,"alexsmobs:raw_catfish":1,"hexerei:sage_seed":1,"iceandfire:silver_ingot":3,"minecraft:arrow":2,"minecraft:dispenser":1,"minecraft:rotten_flesh":5,"born_in_chaos_v1:fire_dust":2,"waystones:waystone":2,"minecraft:hay_block":5,"goety:tall_skull":1,"minecraft:emerald":4,"minecraft:chainmail_helmet":1,"minecraft:gold_ingot":1,"minecraft:mutton":4,"minecraft:coal":36,"minecraft:cod":4,"minecraft:white_wool":4,"minecraft:cobblestone":24},"minecraft:killed_by":{"minecraft:vindicator":2,"minecraft:player":1},"minecraft:used":{"botania:red_double_flower":1,"minecraft:flint_and_steel":3,"minecraft:spruce_slab":1,"minecraft:stone_pickaxe":48,"minecraft:oak_planks":20,"minecraft:wooden_pickaxe":22,"minecraft:dirt":14,"minecraft:mutton":1,"minecraft:crafting_table":9,"minecraft:white_bed":1,"minecraft:jungle_planks":8,"blocky_siege:barrel_of_gunpowder":2,"minecraft:carrot":19,"eidolon:silver_axe":40,"minecraft:bread":1,"minecraft:stone_axe":96,"minecraft:cobblestone":1,"minecraft:cooked_porkchop":1,"minecraft:furnace":2,"minecraft:cooked_cod":5,"tombstone:gift":3,"alexsmobs:animal_dictionary":3,"minecraft:oak_boat":5}},"DataVersion":3120}