{"stats":{"minecraft:crafted":{"minecraft:oak_planks":164,"minecraft:furnace":3,"eidolon:silver_axe":1,"minecraft:stone_pickaxe":2,"minecraft:chest":4,"minecraft:dark_oak_planks":8,"minecraft:stone_hoe":1,"sophisticatedbackpacks:iron_backpack":1,"minecraft:wheat":45,"minecraft:cooked_beef":6,"minecraft:cooked_cod":5,"sophisticatedbackpacks:backpack":1,"minecraft:cooked_porkchop":1,"minecraft:crafting_table":14,"minecraft:wooden_pickaxe":2,"minecraft:iron_sword":1,"minecraft:copper_ingot":1,"sophisticatedbackpacks:gold_backpack":1,"minecraft:bucket":1,"minecraft:stone_axe":3,"minecraft:bread":15,"minecraft:air":0,"minecraft:oak_boat":9,"minecraft:stick":28,"minecraft:iron_ingot":4,"minecraft:iron_pickaxe":1,"minecraft:torch":8,"minecraft:white_bed":1},"minecraft:dropped":{"minecraft:bread":11,"minecraft:wheat_seeds":9,"minecraft:prismarine_shard":4,"minecraft:copper_ingot":1,"sophisticatedbackpacks:gold_backpack":1,"minecraft:cod":6,"minecraft:gray_wool":1,"born_in_chaos_v1:monster_skin":1,"minecraft:cornflower":3,"minecraft:mutton":3,"minecraft:bone_meal":1,"minecraft:sand":1,"minecraft:iron_pickaxe":1,"minecraft:mangrove_slab":1,"minecraft:oak_door":1,"minecraft:kelp":1,"born_in_chaos_v1:black_argillite_brick_stairs":3,"hexerei:sage_seed":5,"minecraft:golden_chestplate":1,"born_in_chaos_v1:fire_dust":7,"tombstone:gift":1,"born_in_chaos_v1:rotten_fish":1,"minecraft:rotten_flesh":8,"goety:ectoplasm":1,"minecraft:flint_and_steel":1,"minecraft:leather_chestplate":1,"eidolon:silver_axe":1,"iceandfire:ghost_chest":1,"goety:jade":5,"minecraft:bundle":1,"minecraft:purple_bed":1,"born_in_chaos_v1:corpse_maggot":3,"minecraft:oak_boat":3,"tombstone:scroll_of_knowledge":1,"minecraft:red_nether_bricks":2,"minecraft:stone_pickaxe":2,"minecraft:wooden_pickaxe":2,"minecraft:calcite":1,"botania:red_double_flower":2},"minecraft:broken":{"minecraft:chainmail_helmet":1,"minecraft:stone_axe":2},"minecraft:killed":{"minecraft:vindicator":15,"minecraft:cod":3,"born_in_chaos_v1:maggot":2,"minecraft:skeleton":8,"eidolon:wraith":2,"minecraft:drowned":1,"born_in_chaos_v1:firelight_not_despawn":2,"minecraft:pig":1,"minecraft:zombie_villager":1,"born_in_chaos_v1:decrepit_skeleton":1,"minecraft:sheep":5,"minecraft:pillager":4,"minecraft:zombie":6,"goety:wraith":1,"minecraft:cow":3},"minecraft:custom":{"minecraft:mob_kills":57,"minecraft:interact_with_crafting_table":43,"minecraft:open_barrel":29,"minecraft:damage_dealt_resisted":481,"minecraft:leave_game":2,"minecraft:time_since_death":30104,"minecraft:climb_one_cm":9916,"minecraft:sprint_one_cm":447798,"minecraft:walk_one_cm":585268,"minecraft:damage_blocked_by_shield":45,"minecraft:drop":89,"minecraft:talked_to_villager":4,"minecraft:play_time":258449,"minecraft:deaths":16,"minecraft:sneak_time":1310,"minecraft:walk_under_water_one_cm":47074,"minecraft:boat_one_cm":909526,"minecraft:jump":5428,"minecraft:interact_with_blast_furnace":5,"minecraft:walk_on_water_one_cm":43195,"minecraft:total_world_time":258449,"minecraft:interact_with_furnace":14,"tombstone:raider_killed":19,"minecraft:sleep_in_bed":9,"minecraft:time_since_rest":10190,"minecraft:waystone_activated":6,"minecraft:damage_taken":11875,"minecraft:damage_dealt":10551,"minecraft:swim_one_cm":120838,"minecraft:fly_one_cm":1204635,"minecraft:open_chest":100,"minecraft:crouch_one_cm":2147,"tombstone:undead_killed":20,"minecraft:fall_one_cm":131502,"minecraft:inspect_dispenser":3},"minecraft:mined":{"hexerei:herb_jar":1,"minecraft:spruce_planks":10,"blocky_siege:barrel_of_gunpowder":2,"minecraft:white_bed":7,"minecraft:red_nether_bricks":1,"minecraft:purple_terracotta":2,"minecraft:grass_block":17,"minecraft:jungle_planks":10,"minecraft:spawner":4,"iceandfire:chared_grass":1,"minecraft:hay_block":4,"blocky_siege:reinforced_spruce_trapdoor":1,"minecraft:furnace":1,"minecraft:carrots":1,"minecraft:barrel":2,"minecraft:iron_ore":3,"minecraft:fire":5,"born_in_chaos_v1:black_argillite_brick_stairs":6,"minecraft:andesite":11,"minecraft:stripped_dark_oak_wood":1,"minecraft:bookshelf":12,"minecraft:vine":1,"hexerei:witch_hazel_window_pane":1,"botania:light_blue_mystical_flower":1,"irons_spellbooks:inscription_table":2,"minecraft:stone":115,"minecraft:spruce_slab":1,"hexerei:witch_hazel_altar":2,"hexerei:witch_hazel_drying_rack":2,"minecraft:powder_snow":7,"minecraft:cornflower":4,"minecraft:crafting_table":1,"minecraft:blast_furnace":4,"minecraft:calcite":1,"iceandfire:ghost_chest":1,"minecraft:lectern":1,"minecraft:copper_ore":6,"minecraft:tall_grass":20,"minecraft:cobblestone":9,"born_in_chaos_v1:chipped_black_argillite_brick":2,"minecraft:cyan_bed":2,"minecraft:oak_planks":5,"minecraft:wall_torch":1,"minecraft:purple_bed":1,"botania:red_double_flower":1,"minecraft:dark_oak_slab":1,"minecraft:purple_concrete":4,"minecraft:yellow_bed":1,"minecraft:grass":106,"minecraft:mangrove_slab":1,"minecraft:oak_log":40,"minecraft:coal_ore":66,"minecraft:sand":1,"minecraft:gravel":58,"minecraft:dirt":24,"minecraft:crimson_planks":4,"minecraft:cobweb":9,"minecraft:dispenser":1,"minecraft:oak_leaves":50},"minecraft:picked_up":{"sophisticatedbackpacks:gold_backpack":2,"iceandfire:dragon_skull_lightning":3,"minecraft:crafting_table":1,"minecraft:prismarine_shard":8,"iceandfire:chain":2,"minecraft:enchanted_book":1,"minecraft:crimson_planks":5,"minecraft:shield":1,"minecraft:cornflower":4,"iceandfire:manuscript":8,"minecraft:string":11,"minecraft:raw_copper":19,"minecraft:red_nether_bricks":2,"iceandfire:graveyard_soil":6,"goety:ectoplasm":1,"minecraft:spruce_planks":14,"minecraft:beef":6,"minecraft:oak_boat":16,"minecraft:calcite":1,"born_in_chaos_v1:gnawed_bones":1,"minecraft:iron_nugget":3,"minecraft:iron_pickaxe":2,"minecraft:spruce_slab":1,"minecraft:lectern":1,"irons_spellbooks:inscription_table":2,"hexerei:witch_hazel_window_pane":1,"minecraft:furnace":1,"minecraft:raw_iron":3,"iceandfire:dragonbone":42,"iceandfire:ghost_chest":2,"blocky_siege:barrel_of_gunpowder":2,"minecraft:oak_door":1,"iceandfire:chared_grass":1,"minecraft:torch":2,"hexerei:cloth":2,"minecraft:porkchop":3,"tombstone:grave_dust":9,"minecraft:carrot":3,"born_in_chaos_v1:black_argillite_brick_stairs":6,"minecraft:golden_chestplate":1,"minecraft:goat_horn":1,"minecraft:purple_terracotta":4,"eidolon:tattered_cloth":2,"hexerei:sage_seed":9,"iceandfire:silver_ingot":3,"minecraft:arrow":10,"minecraft:rotten_flesh":26,"minecraft:hay_block":5,"minecraft:stripped_dark_oak_wood":1,"alexsmobs:emu_egg":3,"minecraft:gold_ingot":2,"supplementaries:ash":4,"minecraft:mutton":10,"hexerei:waxing_kit":2,"minecraft:cod":4,"minecraft:cobblestone":136,"minecraft:white_wool":5,"born_in_chaos_v1:corpse_maggot":3,"minecraft:andesite":8,"minecraft:leather":5,"hexerei:witch_hazel_drying_rack":4,"minecraft:potato":16,"minecraft:filled_map":3,"minecraft:flint":2,"minecraft:oak_log":41,"minecraft:chainmail_chestplate":2,"iceandfire:ectoplasm":8,"minecraft:yellow_bed":1,"minecraft:gunpowder":18,"minecraft:mangrove_slab":1,"minecraft:lapis_lazuli":6,"minecraft:dirt":41,"tombstone:gift":1,"botania:light_blue_mystical_flower":1,"born_in_chaos_v1:monster_skin":2,"minecraft:purple_carpet":4,"minecraft:bone":15,"hexerei:wax_blend":6,"minecraft:stone_bricks":1,"minecraft:kelp":2,"hexerei:pestle_and_mortar":2,"minecraft:wheat_seeds":16,"minecraft:iron_ingot":3,"minecraft:cobweb":3,"minecraft:iron_sword":2,"minecraft:oak_planks":28,"minecraft:purple_concrete":4,"minecraft:book":36,"hexerei:animal_fat":2,"minecraft:sweet_berries":4,"born_in_chaos_v1:ethereal_spirit":2,"minecraft:gravel":56,"minecraft:sand":1,"minecraft:jungle_planks":8,"minecraft:amethyst_shard":13,"minecraft:blast_furnace":4,"minecraft:white_bed":9,"minecraft:cyan_bed":2,"minecraft:barrel":2,"hexerei:witch_hazel_altar":2,"botania:red_double_flower":3,"minecraft:purple_bed":1,"alexsmobs:raw_catfish":1,"minecraft:dispenser":1,"born_in_chaos_v1:fire_dust":2,"hexerei:herb_jar":2,"waystones:waystone":7,"minecraft:gray_wool":2,"minecraft:crossbow":1,"minecraft:golden_apple":1,"minecraft:bone_meal":1,"minecraft:bread":14,"minecraft:chainmail_helmet":2,"goety:tall_skull":1,"minecraft:emerald":9,"minecraft:oak_sapling":4,"born_in_chaos_v1:rotten_fish":1,"minecraft:coal":91},"minecraft:killed_by":{"minecraft:husk":1,"minecraft:player":2,"born_in_chaos_v1:bloody_gadfly":1,"iceandfire:siren":1,"minecraft:drowned":1,"minecraft:vindicator":2,"alexsmobs:crocodile":1,"minecraft:skeleton":2,"minecraft:zombie":1,"guardvillagers:guard":1,"iceandfire:fire_dragon":1},"minecraft:used":{"alexsmobs:emu_egg":1,"irons_spellbooks:inscription_table":2,"botania:red_double_flower":1,"minecraft:flint_and_steel":3,"hexerei:witch_hazel_window_pane":1,"minecraft:spruce_slab":1,"minecraft:shield":2,"minecraft:chest":3,"minecraft:iron_sword":91,"minecraft:stone_hoe":103,"minecraft:torch":10,"minecraft:dirt":33,"minecraft:mutton":4,"minecraft:jungle_planks":8,"minecraft:carrot":70,"blocky_siege:barrel_of_gunpowder":2,"minecraft:stone_bricks":1,"minecraft:bamboo":4,"minecraft:oak_sapling":4,"minecraft:sweet_berries":1,"minecraft:furnace":4,"minecraft:cooked_cod":5,"minecraft:potato":43,"tombstone:gift":5,"minecraft:cooked_beef":5,"hexerei:witch_hazel_drying_rack":2,"minecraft:wheat_seeds":10,"minecraft:water_bucket":5,"hexerei:pestle_and_mortar":1,"minecraft:stone_pickaxe":48,"minecraft:oak_planks":27,"minecraft:wooden_pickaxe":22,"iceandfire:dragon_skull_lightning":1,"born_in_chaos_v1:black_argillite_brick_stairs":1,"minecraft:crafting_table":15,"botania:light_blue_mystical_flower":3,"minecraft:blast_furnace":4,"minecraft:white_bed":9,"eidolon:silver_axe":40,"waystones:waystone":3,"minecraft:cornflower":1,"hexerei:sage_seed":9,"minecraft:cyan_bed":2,"minecraft:bread":32,"minecraft:iron_pickaxe":195,"minecraft:andesite":2,"minecraft:gravel":56,"hexerei:witch_hazel_altar":2,"minecraft:stone_axe":171,"minecraft:fishing_rod":1,"iceandfire:chared_grass":1,"minecraft:cobblestone":52,"minecraft:bucket":6,"minecraft:cooked_porkchop":1,"minecraft:pumpkin_pie":4,"minecraft:yellow_bed":1,"alexsmobs:animal_dictionary":3,"minecraft:oak_boat":20}},"DataVersion":3120}