{
  "spartanshields:recipes/spartanshields/stone_tower_shield": {
    "criteria": {
      "has_cobblestone": "2024-11-07 22:07:39 +0000"
    },
    "done": true
  },
  "minecraft:recipes/decorations/smoker": {
    "criteria": {
      "has_furnace": "2024-11-07 22:19:09 +0000"
    },
    "done": true
  },
  "minecraft:recipes/food/cooked_mutton_from_campfire_cooking": {
    "criteria": {
      "has_mutton": "2024-11-07 22:29:31 +0000"
    },
    "done": true
  },
  "minecraft:recipes/building_blocks/purple_wool": {
    "criteria": {
      "has_white_wool": "2024-11-07 22:29:31 +0000"
    },
    "done": true
  },
  "minecraft:recipes/redstone/lever": {
    "criteria": {
      "has_cobblestone": "2024-11-07 22:07:39 +0000"
    },
    "done": true
  },
  "minecraft:recipes/building_blocks/cobblestone_stairs_from_cobblestone_stonecutting": {
    "criteria": {
      "has_cobblestone": "2024-11-07 22:07:39 +0000"
    },
    "done": true
  },
  "minecraft:recipes/redstone/spruce_door": {
    "criteria": {
      "has_planks": "2024-11-07 22:30:03 +0000"
    },
    "done": true
  },
  "vinery:vinemaker_leggings": {
    "criteria": {
      "has_gold_ingot": "2024-11-07 22:15:33 +0000"
    },
    "done": true
  },
  "minecraft:recipes/misc/wheat": {
    "criteria": {
      "has_hay_block": "2024-11-07 22:22:47 +0000"
    },
    "done": true
  },
  "biomancy:recipes/biomancy/decomposing/forge_bones_decomposing": {
    "criteria": {
      "has_bones": "2024-11-07 22:15:32 +0000"
    },
    "done": true
  },
  "minecraft:recipes/decorations/white_bed": {
    "criteria": {
      "has_white_wool": "2024-11-07 22:29:31 +0000"
    },
    "done": true
  },
  "biomancy:recipes/biomancy/decomposing/emerald_decomposing": {
    "criteria": {
      "has_emerald": "2024-11-07 22:23:03 +0000"
    },
    "done": true
  },
  "minecraft:recipes/woodcutting/jungle/jungle_trapdoor_from_jungle_planks_woodcutting": {
    "criteria": {
      "give_recipe": "2024-11-07 22:29:45 +0000"
    },
    "done": true
  },
  "minecraft:recipes/redstone/spruce_fence_gate": {
    "criteria": {
      "has_planks": "2024-11-07 22:30:03 +0000"
    },
    "done": true
  },
  "spartanshields:recipes/spartanshields/golden_basic_shield": {
    "criteria": {
      "has_gold_ingot": "2024-11-07 22:15:33 +0000"
    },
    "done": true
  },
  "minecraft:recipes/building_blocks/dark_prismarine": {
    "criteria": {
      "has_prismarine_shard": "2024-11-07 22:29:29 +0000"
    },
    "done": true
  },
  "minecraft:recipes/decorations/crafting_table": {
    "criteria": {
      "has_planks": "2024-11-07 22:07:18 +0000"
    },
    "done": true
  },
  "minecraft:recipes/decorations/campfire": {
    "criteria": {
      "has_stick": "2024-11-07 22:07:29 +0000"
    },
    "done": true
  },
  "minecraft:recipes/building_blocks/magenta_wool": {
    "criteria": {
      "has_white_wool": "2024-11-07 22:29:31 +0000"
    },
    "done": true
  },
  "minecraft:recipes/tools/golden_hoe": {
    "criteria": {
      "has_gold_ingot": "2024-11-07 22:15:33 +0000"
    },
    "done": true
  },
  "vinery:cherry_fence": {
    "criteria": {
      "has_stick": "2024-11-07 22:07:29 +0000"
    },
    "done": true
  },
  "minecraft:recipes/woodcutting/jungle/jungle_chest_boat_from_jungle_planks_woodcutting": {
    "criteria": {
      "give_recipe": "2024-11-07 22:29:45 +0000"
    },
    "done": true
  },
  "minecraft:recipes/woodcutting/jungle/jungle_fence_gate_from_jungle_planks_woodcutting": {
    "criteria": {
      "give_recipe": "2024-11-07 22:29:45 +0000"
    },
    "done": true
  },
  "minecraft:recipes/woodcutting/spruce/spruce_boat_from_spruce_planks_woodcutting": {
    "criteria": {
      "give_recipe": "2024-11-07 22:30:03 +0000"
    },
    "done": true
  },
  "iceandfire:iceandfire/root": {
    "criteria": {
      "tick": "2024-11-07 22:05:08 +0000"
    },
    "done": true
  },
  "minecraft:recipes/decorations/ladder": {
    "criteria": {
      "has_stick": "2024-11-07 22:07:29 +0000"
    },
    "done": true
  },
  "minecraft:recipes/woodcutting/spruce/spruce_stairs_from_spruce_planks_woodcutting": {
    "criteria": {
      "give_recipe": "2024-11-07 22:30:03 +0000"
    },
    "done": true
  },
  "minecraft:recipes/woodcutting/oak/oak_sign_from_oak_planks_woodcutting": {
    "criteria": {
      "give_recipe": "2024-11-07 22:07:18 +0000"
    },
    "done": true
  },
  "minecraft:recipes/decorations/chest": {
    "criteria": {
      "has_lots_of_items": "2024-11-07 22:09:26 +0000"
    },
    "done": true
  },
  "minecraft:recipes/combat/golden_sword": {
    "criteria": {
      "has_gold_ingot": "2024-11-07 22:15:33 +0000"
    },
    "done": true
  },
  "minecraft:recipes/transportation/mangrove_boat": {
    "criteria": {
      "in_water": "2024-11-07 22:18:48 +0000"
    },
    "done": true
  },
  "minecraft:recipes/redstone/spruce_button": {
    "criteria": {
      "has_planks": "2024-11-07 22:30:03 +0000"
    },
    "done": true
  },
  "minecraft:recipes/tools/wooden_shovel": {
    "criteria": {
      "has_stick": "2024-11-07 22:07:29 +0000"
    },
    "done": true
  },
  "minecraft:recipes/decorations/torch": {
    "criteria": {
      "has_stone_pickaxe": "2024-11-07 22:09:26 +0000"
    },
    "done": true
  },
  "minecraft:recipes/building_blocks/cyan_wool": {
    "criteria": {
      "has_white_wool": "2024-11-07 22:29:31 +0000"
    },
    "done": true
  },
  "minecraft:recipes/misc/stick": {
    "criteria": {
      "has_planks": "2024-11-07 22:07:18 +0000"
    },
    "done": true
  },
  "minecraft:recipes/woodcutting/spruce/spruce_chest_boat_from_spruce_slab_woodcutting": {
    "criteria": {
      "give_recipe": "2024-11-07 22:22:36 +0000"
    },
    "done": true
  },
  "minecraft:recipes/redstone/crimson_pressure_plate": {
    "criteria": {
      "has_planks": "2024-11-07 22:22:44 +0000"
    },
    "done": true
  },
  "minecraft:recipes/woodcutting/oak/oak_slab_from_oak_planks_woodcutting": {
    "criteria": {
      "give_recipe": "2024-11-07 22:07:18 +0000"
    },
    "done": true
  },
  "biomancy:recipes/biomancy/digesting/nutrient_paste_from_digesting_superb_food": {
    "criteria": {
      "has_food": "2024-11-07 22:18:57 +0000"
    },
    "done": true
  },
  "minecraft:recipes/transportation/spruce_boat": {
    "criteria": {
      "in_water": "2024-11-07 22:18:48 +0000"
    },
    "done": true
  },
  "minecraft:recipes/woodcutting/spruce/spruce_fence_from_spruce_planks_woodcutting": {
    "criteria": {
      "give_recipe": "2024-11-07 22:30:03 +0000"
    },
    "done": true
  },
  "vinery:oak_wine_rack_small": {
    "criteria": {
      "has_oak_planks": "2024-11-07 22:07:17 +0000"
    },
    "done": true
  },
  "minecraft:recipes/misc/firework_rocket_simple": {
    "criteria": {
      "has_gunpowder": "2024-11-07 22:33:21 +0000"
    },
    "done": true
  },
  "minecraft:recipes/decorations/crimson_fence": {
    "criteria": {
      "has_planks": "2024-11-07 22:22:44 +0000"
    },
    "done": true
  },
  "minecraft:recipes/building_blocks/emerald_block": {
    "criteria": {
      "has_emerald": "2024-11-07 22:23:03 +0000"
    },
    "done": true
  },
  "minecraft:recipes/building_blocks/gray_wool": {
    "criteria": {
      "has_white_wool": "2024-11-07 22:29:31 +0000"
    },
    "done": true
  },
  "minecraft:recipes/woodcutting/spruce/crafting_table_from_spruce_planks_woodcutting": {
    "criteria": {
      "give_recipe": "2024-11-07 22:30:03 +0000"
    },
    "done": true
  },
  "minecraft:recipes/misc/gold_nugget": {
    "criteria": {
      "has_gold_ingot": "2024-11-07 22:15:33 +0000"
    },
    "done": true
  },
  "biomancy:recipes/biomancy/digesting/nutrient_paste_from_digesting_seeds": {
    "criteria": {
      "has_seeds": "2024-11-07 22:29:31 +0000"
    },
    "done": true
  },
  "minecraft:recipes/woodcutting/jungle/jungle_door_from_jungle_planks_woodcutting": {
    "criteria": {
      "give_recipe": "2024-11-07 22:29:45 +0000"
    },
    "done": true
  },
  "minecraft:husbandry/balanced_diet": {
    "criteria": {
      "cooked_porkchop": "2024-11-07 22:26:51 +0000",
      "cooked_cod": "2024-11-07 22:19:48 +0000"
    },
    "done": false
  },
  "minecraft:recipes/tools/wooden_hoe": {
    "criteria": {
      "has_stick": "2024-11-07 22:07:29 +0000"
    },
    "done": true
  },
  "tombstone:recipes/from_grave_key": {
    "criteria": {
      "has_ingredient": "2024-11-07 22:23:27 +0000"
    },
    "done": true
  },
  "minecraft:recipes/redstone/jungle_trapdoor": {
    "criteria": {
      "has_planks": "2024-11-07 22:29:45 +0000"
    },
    "done": true
  },
  "biomancy:recipes/biomancy/digesting/nutrient_paste_from_digesting_flowers": {
    "criteria": {
      "has_flowers": "2024-11-07 22:36:59 +0000"
    },
    "done": true
  },
  "minecraft:recipes/building_blocks/cobblestone_slab": {
    "criteria": {
      "has_cobblestone": "2024-11-07 22:07:39 +0000"
    },
    "done": true
  },
  "vinery:grapevine_lattice": {
    "criteria": {
      "has_stick": "2024-11-07 22:07:29 +0000"
    },
    "done": true
  },
  "minecraft:recipes/food/cooked_cod": {
    "criteria": {
      "has_cod": "2024-11-07 22:18:57 +0000"
    },
    "done": true
  },
  "minecraft:recipes/redstone/jungle_button": {
    "criteria": {
      "has_planks": "2024-11-07 22:29:45 +0000"
    },
    "done": true
  },
  "minecraft:recipes/building_blocks/cobblestone_stairs": {
    "criteria": {
      "has_cobblestone": "2024-11-07 22:07:39 +0000"
    },
    "done": true
  },
  "minecraft:recipes/woodcutting/oak/oak_planks_from_oak_log_woodcutting": {
    "criteria": {
      "give_recipe": "2024-11-07 22:06:22 +0000"
    },
    "done": true
  },
  "biomancy:recipes/biomancy/decomposing/forge_seeds_decomposing": {
    "criteria": {
      "has_seeds": "2024-11-07 22:29:31 +0000"
    },
    "done": true
  },
  "minecraft:recipes/transportation/jungle_chest_boat": {
    "criteria": {
      "has_boat": "2024-11-07 22:21:51 +0000"
    },
    "done": true
  },
  "biomancy:recipes/biomancy/decomposing/cod_decomposing": {
    "criteria": {
      "has_cod": "2024-11-07 22:18:57 +0000"
    },
    "done": true
  },
  "biomancy:recipes/biomancy/decomposing/gold_ingot_decomposing": {
    "criteria": {
      "has_gold_ingot": "2024-11-07 22:15:33 +0000"
    },
    "done": true
  },
  "tombstone:adventure/first_grave": {
    "criteria": {
      "coded_trigger": "2024-11-07 22:23:26 +0000"
    },
    "done": true
  },
  "tombstone:adventure/fortuitous_militia": {
    "criteria": {
      "coded_trigger": "2024-11-07 22:32:00 +0000"
    },
    "done": true
  },
  "minecraft:recipes/decorations/white_banner": {
    "criteria": {
      "has_white_wool": "2024-11-07 22:29:31 +0000"
    },
    "done": true
  },
  "minecraft:recipes/woodcutting/spruce/chest_from_spruce_slab_woodcutting": {
    "criteria": {
      "give_recipe": "2024-11-07 22:22:36 +0000"
    },
    "done": true
  },
  "minecraft:recipes/woodcutting/spruce/spruce_button_from_spruce_planks_woodcutting": {
    "criteria": {
      "give_recipe": "2024-11-07 22:30:03 +0000"
    },
    "done": true
  },
  "vinery:fermentation_barrel": {
    "criteria": {
      "has_barrel": "2024-11-07 22:29:30 +0000"
    },
    "done": true
  },
  "minecraft:recipes/tools/golden_shovel": {
    "criteria": {
      "has_gold_ingot": "2024-11-07 22:15:33 +0000"
    },
    "done": true
  },
  "biomancy:recipes/biomancy/digesting/nutrient_paste_from_digesting_average_food": {
    "criteria": {
      "has_food": "2024-11-07 22:18:57 +0000"
    },
    "done": true
  },
  "minecraft:recipes/redstone/oak_fence_gate": {
    "criteria": {
      "has_planks": "2024-11-07 22:07:18 +0000"
    },
    "done": true
  },
  "minecraft:recipes/redstone/tnt": {
    "criteria": {
      "has_gunpowder": "2024-11-07 22:33:22 +0000"
    },
    "done": true
  },
  "spartanshields:recipes/spartanshields/stone_basic_shield": {
    "criteria": {
      "has_cobblestone": "2024-11-07 22:07:39 +0000"
    },
    "done": true
  },
  "minecraft:recipes/woodcutting/jungle/jungle_pressure_plate_from_jungle_planks_woodcutting": {
    "criteria": {
      "give_recipe": "2024-11-07 22:29:45 +0000"
    },
    "done": true
  },
  "spartanshields:recipes/spartanshields/golden_tower_shield": {
    "criteria": {
      "has_gold_ingot": "2024-11-07 22:15:33 +0000"
    },
    "done": true
  },
  "minecraft:recipes/redstone/crimson_button": {
    "criteria": {
      "has_planks": "2024-11-07 22:22:44 +0000"
    },
    "done": true
  },
  "minecraft:recipes/building_blocks/blue_wool": {
    "criteria": {
      "has_white_wool": "2024-11-07 22:29:31 +0000"
    },
    "done": true
  },
  "minecraft:recipes/building_blocks/gold_block": {
    "criteria": {
      "has_gold_ingot": "2024-11-07 22:15:33 +0000"
    },
    "done": true
  },
  "minecraft:recipes/transportation/acacia_chest_boat": {
    "criteria": {
      "has_boat": "2024-11-07 22:21:51 +0000"
    },
    "done": true
  },
  "minecraft:recipes/transportation/oak_chest_boat": {
    "criteria": {
      "has_boat": "2024-11-07 22:21:51 +0000"
    },
    "done": true
  },
  "vinery:spruce_wine_rack_big": {
    "criteria": {
      "has_spruce_planks": "2024-11-07 22:30:03 +0000"
    },
    "done": true
  },
  "minecraft:story/mine_stone": {
    "criteria": {
      "get_stone": "2024-11-07 22:07:39 +0000"
    },
    "done": true
  },
  "minecraft:recipes/redstone/target": {
    "criteria": {
      "has_hay_block": "2024-11-07 22:22:47 +0000"
    },
    "done": true
  },
  "minecraft:recipes/decorations/furnace": {
    "criteria": {
      "has_cobblestone": "2024-11-07 22:07:39 +0000"
    },
    "done": true
  },
  "biomancy:recipes/biomancy/digesting/nutrient_paste_from_digesting_godly_food": {
    "criteria": {
      "has_food": "2024-11-07 22:18:57 +0000"
    },
    "done": true
  },
  "minecraft:recipes/misc/charcoal": {
    "criteria": {
      "has_log": "2024-11-07 22:06:22 +0000"
    },
    "done": true
  },
  "minecraft:recipes/redstone/crimson_door": {
    "criteria": {
      "has_planks": "2024-11-07 22:22:44 +0000"
    },
    "done": true
  },
  "minecraft:recipes/building_blocks/orange_wool": {
    "criteria": {
      "has_white_wool": "2024-11-07 22:29:31 +0000"
    },
    "done": true
  },
  "minecraft:recipes/tools/wooden_pickaxe": {
    "criteria": {
      "has_stick": "2024-11-07 22:07:29 +0000"
    },
    "done": true
  },
  "minecraft:recipes/building_blocks/cobblestone_slab_from_cobblestone_stonecutting": {
    "criteria": {
      "has_cobblestone": "2024-11-07 22:07:39 +0000"
    },
    "done": true
  },
  "vinery:jungle_wine_rack_small": {
    "criteria": {
      "has_jungle_planks": "2024-11-07 22:29:45 +0000"
    },
    "done": true
  },
  "minecraft:husbandry/root": {
    "criteria": {
      "consumed_item": "2024-11-07 22:10:04 +0000"
    },
    "done": true
  },
  "minecraft:recipes/transportation/birch_boat": {
    "criteria": {
      "in_water": "2024-11-07 22:18:48 +0000"
    },
    "done": true
  },
  "minecraft:recipes/food/golden_apple": {
    "criteria": {
      "has_gold_ingot": "2024-11-07 22:15:33 +0000"
    },
    "done": true
  },
  "minecraft:recipes/woodcutting/spruce/spruce_boat_from_spruce_slab_woodcutting": {
    "criteria": {
      "give_recipe": "2024-11-07 22:22:36 +0000"
    },
    "done": true
  },
  "minecraft:recipes/building_blocks/oak_stairs": {
    "criteria": {
      "has_planks": "2024-11-07 22:07:18 +0000"
    },
    "done": true
  },
  "securitycraft:recipes/securitycraft/sonic_security_system": {
    "criteria": {
      "has_stick": "2024-11-07 22:07:29 +0000"
    },
    "done": true
  },
  "minecraft:recipes/woodcutting/spruce/spruce_trapdoor_from_spruce_planks_woodcutting": {
    "criteria": {
      "give_recipe": "2024-11-07 22:30:03 +0000"
    },
    "done": true
  },
  "minecraft:recipes/transportation/acacia_boat": {
    "criteria": {
      "in_water": "2024-11-07 22:18:48 +0000"
    },
    "done": true
  },
  "minecraft:recipes/woodcutting/spruce/spruce_planks_from_spruce_slab_woodcutting": {
    "criteria": {
      "give_recipe": "2024-11-07 22:22:36 +0000"
    },
    "done": true
  },
  "minecraft:adventure/root": {
    "criteria": {
      "killed_something": "2024-11-07 22:18:51 +0000"
    },
    "done": true
  },
  "minecraft:recipes/woodcutting/oak/oak_pressure_plate_from_oak_planks_woodcutting": {
    "criteria": {
      "give_recipe": "2024-11-07 22:07:18 +0000"
    },
    "done": true
  },
  "minecraft:recipes/transportation/dark_oak_chest_boat": {
    "criteria": {
      "has_boat": "2024-11-07 22:21:51 +0000"
    },
    "done": true
  },
  "minecraft:recipes/woodcutting/oak/chest_from_oak_planks_woodcutting": {
    "criteria": {
      "give_recipe": "2024-11-07 22:07:18 +0000"
    },
    "done": true
  },
  "minecraft:recipes/decorations/jungle_fence": {
    "criteria": {
      "has_planks": "2024-11-07 22:29:45 +0000"
    },
    "done": true
  },
  "minecraft:recipes/woodcutting/oak/oak_door_from_oak_planks_woodcutting": {
    "criteria": {
      "give_recipe": "2024-11-07 22:07:18 +0000"
    },
    "done": true
  },
  "vinery:wine_rack_3": {
    "criteria": {
      "has_spruce_planks": "2024-11-07 22:30:03 +0000"
    },
    "done": true
  },
  "minecraft:recipes/tools/stone_hoe": {
    "criteria": {
      "has_cobblestone": "2024-11-07 22:07:39 +0000"
    },
    "done": true
  },
  "minecraft:recipes/redstone/crimson_trapdoor": {
    "criteria": {
      "has_planks": "2024-11-07 22:22:44 +0000"
    },
    "done": true
  },
  "minecraft:recipes/decorations/spruce_fence": {
    "criteria": {
      "has_planks": "2024-11-07 22:30:03 +0000"
    },
    "done": true
  },
  "vinery:wine_rack_5": {
    "criteria": {
      "has_spruce_planks": "2024-11-07 22:30:03 +0000"
    },
    "done": true
  },
  "minecraft:adventure/kill_all_mobs": {
    "criteria": {
      "minecraft:vindicator": "2024-11-07 22:29:21 +0000"
    },
    "done": false
  },
  "minecraft:recipes/woodcutting/jungle/barrel_from_jungle_planks_woodcutting": {
    "criteria": {
      "give_recipe": "2024-11-07 22:29:45 +0000"
    },
    "done": true
  },
  "minecraft:recipes/woodcutting/spruce/spruce_pressure_plate_from_spruce_planks_woodcutting": {
    "criteria": {
      "give_recipe": "2024-11-07 22:30:03 +0000"
    },
    "done": true
  },
  "biomancy:recipes/biomancy/decomposing/porkchop_decomposing": {
    "criteria": {
      "has_porkchop": "2024-11-07 22:21:26 +0000"
    },
    "done": true
  },
  "minecraft:recipes/woodcutting/oak/barrel_from_oak_planks_woodcutting": {
    "criteria": {
      "give_recipe": "2024-11-07 22:07:17 +0000"
    },
    "done": true
  },
  "vinery:shelf": {
    "criteria": {
      "has_spruce_planks": "2024-11-07 22:30:03 +0000"
    },
    "done": true
  },
  "minecraft:recipes/woodcutting/jungle/jungle_sign_from_jungle_planks_woodcutting": {
    "criteria": {
      "give_recipe": "2024-11-07 22:29:45 +0000"
    },
    "done": true
  },
  "minecraft:recipes/decorations/white_carpet": {
    "criteria": {
      "has_white_wool": "2024-11-07 22:29:31 +0000"
    },
    "done": true
  },
  "minecraft:recipes/decorations/crimson_sign": {
    "criteria": {
      "has_planks": "2024-11-07 22:22:44 +0000"
    },
    "done": true
  },
  "vinery:wine_rack_1": {
    "criteria": {
      "has_spruce_planks": "2024-11-07 22:30:03 +0000"
    },
    "done": true
  },
  "minecraft:recipes/building_blocks/spruce_stairs": {
    "criteria": {
      "has_planks": "2024-11-07 22:30:03 +0000"
    },
    "done": true
  },
  "vinery:wine_rack_2": {
    "criteria": {
      "has_spruce_planks": "2024-11-07 22:30:03 +0000"
    },
    "done": true
  },
  "minecraft:recipes/misc/iron_nugget_from_smelting": {
    "criteria": {
      "has_chainmail_chestplate": "2024-11-07 22:15:33 +0000"
    },
    "done": true
  },
  "minecraft:recipes/food/cooked_mutton_from_smoking": {
    "criteria": {
      "has_mutton": "2024-11-07 22:29:31 +0000"
    },
    "done": true
  },
  "minecraft:recipes/transportation/birch_chest_boat": {
    "criteria": {
      "has_boat": "2024-11-07 22:21:51 +0000"
    },
    "done": true
  },
  "minecraft:recipes/woodcutting/spruce/spruce_sign_from_spruce_slab_woodcutting": {
    "criteria": {
      "give_recipe": "2024-11-07 22:22:36 +0000"
    },
    "done": true
  },
  "handcrafted:recipes/misc/berry_jam_jar": {
    "criteria": {
      "has_sweet_berries": "2024-11-07 22:37:21 +0000"
    },
    "done": true
  },
  "tombstone:adventure/first_knowledge": {
    "criteria": {
      "coded_trigger": "2024-11-07 22:23:16 +0000"
    },
    "done": true
  },
  "minecraft:story/upgrade_tools": {
    "criteria": {
      "stone_pickaxe": "2024-11-07 22:09:26 +0000"
    },
    "done": true
  },
  "alexsmobs:alexsmobs/root": {
    "criteria": {
      "useitem": "2024-11-07 22:10:04 +0000"
    },
    "done": true
  },
  "minecraft:recipes/decorations/oak_fence": {
    "criteria": {
      "has_planks": "2024-11-07 22:07:18 +0000"
    },
    "done": true
  },
  "minecraft:recipes/transportation/oak_boat": {
    "criteria": {
      "in_water": "2024-11-07 22:18:48 +0000"
    },
    "done": true
  },
  "minecraft:recipes/food/cooked_cod_from_campfire_cooking": {
    "criteria": {
      "has_cod": "2024-11-07 22:18:57 +0000"
    },
    "done": true
  },
  "somebosses:world_of_bosses": {
    "criteria": {
      "world_of_bosses": "2024-11-07 22:05:08 +0000"
    },
    "done": true
  },
  "biomancy:recipes/biomancy/decomposing/dirt_decomposing": {
    "criteria": {
      "has_dirt": "2024-11-07 22:06:27 +0000"
    },
    "done": true
  },
  "minecraft:recipes/food/cooked_porkchop": {
    "criteria": {
      "has_porkchop": "2024-11-07 22:21:26 +0000"
    },
    "done": true
  },
  "minecraft:recipes/building_blocks/oak_slab": {
    "criteria": {
      "has_planks": "2024-11-07 22:07:18 +0000"
    },
    "done": true
  },
  "majruszsdifficulty:game_stage_normal": {
    "criteria": {
      "is_triggered": "2024-11-07 22:05:08 +0000"
    },
    "done": true
  },
  "minecraft:recipes/combat/golden_boots": {
    "criteria": {
      "has_gold_ingot": "2024-11-07 22:15:33 +0000"
    },
    "done": true
  },
  "vinery:cherry_chest_boat": {
    "criteria": {
      "has_boat": "2024-11-07 22:21:51 +0000"
    },
    "done": true
  },
  "minecraft:recipes/food/cooked_porkchop_from_campfire_cooking": {
    "criteria": {
      "has_porkchop": "2024-11-07 22:21:26 +0000"
    },
    "done": true
  },
  "minecraft:recipes/tools/wooden_axe": {
    "criteria": {
      "has_stick": "2024-11-07 22:07:29 +0000"
    },
    "done": true
  },
  "minecraft:recipes/decorations/spruce_sign": {
    "criteria": {
      "has_planks": "2024-11-07 22:30:03 +0000"
    },
    "done": true
  },
  "minecraft:recipes/building_blocks/lime_wool": {
    "criteria": {
      "has_white_wool": "2024-11-07 22:29:31 +0000"
    },
    "done": true
  },
  "biomancy:recipes/biomancy/decomposing/mutton_decomposing": {
    "criteria": {
      "has_mutton": "2024-11-07 22:29:31 +0000"
    },
    "done": true
  },
  "minecraft:recipes/redstone/jungle_pressure_plate": {
    "criteria": {
      "has_planks": "2024-11-07 22:29:45 +0000"
    },
    "done": true
  },
  "minecraft:recipes/building_blocks/black_wool": {
    "criteria": {
      "has_white_wool": "2024-11-07 22:29:31 +0000"
    },
    "done": true
  },
  "minecraft:recipes/combat/golden_chestplate": {
    "criteria": {
      "has_gold_ingot": "2024-11-07 22:15:33 +0000"
    },
    "done": true
  },
  "vinery:spruce_wine_rack_small": {
    "criteria": {
      "has_spruce_planks": "2024-11-07 22:30:03 +0000"
    },
    "done": true
  },
  "minecraft:recipes/building_blocks/green_wool": {
    "criteria": {
      "has_white_wool": "2024-11-07 22:29:31 +0000"
    },
    "done": true
  },
  "vinery:grapevine_stem": {
    "criteria": {
      "has_oak_log": "2024-11-07 22:06:22 +0000"
    },
    "done": true
  },
  "minecraft:recipes/woodcutting/oak/oak_boat_from_oak_planks_woodcutting": {
    "criteria": {
      "give_recipe": "2024-11-07 22:07:18 +0000"
    },
    "done": true
  },
  "biomancy:recipes/biomancy/decomposing/raw_catfish_decomposing": {
    "criteria": {
      "has_raw_catfish": "2024-11-07 22:29:31 +0000"
    },
    "done": true
  },
  "spartanshields:recipes/spartanshields/wooden_tower_shield": {
    "criteria": {
      "has_planks": "2024-11-07 22:07:18 +0000"
    },
    "done": true
  },
  "minecraft:recipes/building_blocks/brown_wool": {
    "criteria": {
      "has_white_wool": "2024-11-07 22:29:31 +0000"
    },
    "done": true
  },
  "minecraft:recipes/woodcutting/jungle/jungle_boat_from_jungle_planks_woodcutting": {
    "criteria": {
      "give_recipe": "2024-11-07 22:29:45 +0000"
    },
    "done": true
  },
  "minecraft:recipes/woodcutting/oak/oak_fence_gate_from_oak_planks_woodcutting": {
    "criteria": {
      "give_recipe": "2024-11-07 22:07:18 +0000"
    },
    "done": true
  },
  "vinery:stackable_log": {
    "criteria": {
      "has_oak_log": "2024-11-07 22:06:22 +0000"
    },
    "done": true
  },
  "minecraft:recipes/woodcutting/jungle/jungle_slab_from_jungle_planks_woodcutting": {
    "criteria": {
      "give_recipe": "2024-11-07 22:29:45 +0000"
    },
    "done": true
  },
  "minecraft:recipes/building_blocks/crimson_slab": {
    "criteria": {
      "has_planks": "2024-11-07 22:22:44 +0000"
    },
    "done": true
  },
  "minecraft:recipes/woodcutting/spruce/spruce_fence_from_spruce_slab_woodcutting": {
    "criteria": {
      "give_recipe": "2024-11-07 22:22:36 +0000"
    },
    "done": true
  },
  "vinery:dirt_slab": {
    "criteria": {
      "has_dirt": "2024-11-07 22:06:27 +0000"
    },
    "done": true
  },
  "minecraft:recipes/woodcutting/spruce/chest_from_spruce_planks_woodcutting": {
    "criteria": {
      "give_recipe": "2024-11-07 22:30:03 +0000"
    },
    "done": true
  },
  "minecraft:recipes/decorations/painting": {
    "criteria": {
      "has_wool": "2024-11-07 22:29:31 +0000"
    },
    "done": true
  },
  "minecraft:recipes/building_blocks/crimson_stairs": {
    "criteria": {
      "has_planks": "2024-11-07 22:22:44 +0000"
    },
    "done": true
  },
  "biomancy:recipes/biomancy/decomposing/rotten_flesh_decomposing": {
    "criteria": {
      "has_rotten_flesh": "2024-11-07 22:29:29 +0000"
    },
    "done": true
  },
  "minecraft:recipes/redstone/crimson_fence_gate": {
    "criteria": {
      "has_planks": "2024-11-07 22:22:44 +0000"
    },
    "done": true
  },
  "botania:main/flower_pickup": {
    "criteria": {
      "double_flower": "2024-11-07 22:36:59 +0000"
    },
    "done": true
  },
  "securitycraft:recipes/securitycraft/sc_manual": {
    "criteria": {
      "has_wood": "2024-11-07 22:06:22 +0000"
    },
    "done": true
  },
  "minecraft:recipes/building_blocks/coal_block": {
    "criteria": {
      "has_coal": "2024-11-07 22:09:29 +0000"
    },
    "done": true
  },
  "dungeons_arise:find_illager_corsair_or_illager_galley": {
    "criteria": {
      "location0": "2024-11-07 22:22:09 +0000"
    },
    "done": true
  },
  "goety:goety/root": {
    "criteria": {
      "tick": "2024-11-07 22:05:08 +0000"
    },
    "done": true
  },
  "minecraft:recipes/decorations/purple_glazed_terracotta": {
    "criteria": {
      "has_purple_terracotta": "2024-11-07 22:22:44 +0000"
    },
    "done": true
  },
  "minecraft:recipes/redstone/light_weighted_pressure_plate": {
    "criteria": {
      "has_gold_ingot": "2024-11-07 22:15:33 +0000"
    },
    "done": true
  },
  "minecraft:recipes/building_blocks/light_blue_wool": {
    "criteria": {
      "has_white_wool": "2024-11-07 22:29:31 +0000"
    },
    "done": true
  },
  "minecraft:recipes/combat/wooden_sword": {
    "criteria": {
      "has_stick": "2024-11-07 22:07:29 +0000"
    },
    "done": true
  },
  "minecraft:recipes/tools/stone_shovel": {
    "criteria": {
      "has_cobblestone": "2024-11-07 22:07:39 +0000"
    },
    "done": true
  },
  "minecraft:recipes/building_blocks/oak_planks": {
    "criteria": {
      "has_logs": "2024-11-07 22:06:22 +0000"
    },
    "done": true
  },
  "minecraft:recipes/woodcutting/spruce/spruce_stairs_from_spruce_slab_woodcutting": {
    "criteria": {
      "give_recipe": "2024-11-07 22:22:36 +0000"
    },
    "done": true
  },
  "minecraft:recipes/woodcutting/oak/oak_trapdoor_from_oak_planks_woodcutting": {
    "criteria": {
      "give_recipe": "2024-11-07 22:07:18 +0000"
    },
    "done": true
  },
  "majruszsdifficulty:bleeding_inflicted": {
    "criteria": {
      "bleeding_applied": "2024-11-07 22:27:00 +0000"
    },
    "done": true
  },
  "tombstone:adventure/root": {
    "criteria": {
      "auto": "2024-11-07 22:05:09 +0000"
    },
    "done": true
  },
  "minecraft:recipes/building_blocks/spruce_slab": {
    "criteria": {
      "has_planks": "2024-11-07 22:30:03 +0000"
    },
    "done": true
  },
  "securitycraft:recipes/securitycraft/reinforced_andesite": {
    "criteria": {
      "has_cobblestone": "2024-11-07 22:07:39 +0000"
    },
    "done": true
  },
  "minecraft:recipes/woodcutting/spruce/barrel_from_spruce_slab_woodcutting": {
    "criteria": {
      "give_recipe": "2024-11-07 22:22:36 +0000"
    },
    "done": true
  },
  "irons_spellbooks:grant_patchouli": {
    "criteria": {
      "tick": "2024-11-07 22:05:08 +0000"
    },
    "done": true
  },
  "minecraft:recipes/woodcutting/oak/crafting_table_from_oak_planks_woodcutting": {
    "criteria": {
      "give_recipe": "2024-11-07 22:07:18 +0000"
    },
    "done": true
  },
  "minecraft:recipes/decorations/jungle_sign": {
    "criteria": {
      "has_planks": "2024-11-07 22:29:45 +0000"
    },
    "done": true
  },
  "minecraft:recipes/tools/golden_axe": {
    "criteria": {
      "has_gold_ingot": "2024-11-07 22:15:33 +0000"
    },
    "done": true
  },
  "minecraft:recipes/woodcutting/spruce/spruce_door_from_spruce_planks_woodcutting": {
    "criteria": {
      "give_recipe": "2024-11-07 22:30:03 +0000"
    },
    "done": true
  },
  "minecraft:recipes/transportation/mangrove_chest_boat": {
    "criteria": {
      "has_boat": "2024-11-07 22:21:51 +0000"
    },
    "done": true
  },
  "minecraft:recipes/combat/golden_helmet": {
    "criteria": {
      "has_gold_ingot": "2024-11-07 22:15:33 +0000"
    },
    "done": true
  },
  "minecraft:recipes/redstone/oak_pressure_plate": {
    "criteria": {
      "has_planks": "2024-11-07 22:07:18 +0000"
    },
    "done": true
  },
  "minecraft:recipes/misc/bone_meal": {
    "criteria": {
      "has_bone": "2024-11-07 22:15:32 +0000"
    },
    "done": true
  },
  "biomancy:biomancy/root": {
    "criteria": {
      "has_raw_meats": "2024-11-07 22:18:57 +0000"
    },
    "done": true
  },
  "minecraft:recipes/woodcutting/oak/oak_stairs_from_oak_planks_woodcutting": {
    "criteria": {
      "give_recipe": "2024-11-07 22:07:18 +0000"
    },
    "done": true
  },
  "goety:goety/kill_a_wraith": {
    "criteria": {
      "kill_a_wraith": "2024-11-07 22:19:40 +0000"
    },
    "done": true
  },
  "minecraft:recipes/building_blocks/oak_wood": {
    "criteria": {
      "has_log": "2024-11-07 22:06:22 +0000"
    },
    "done": true
  },
  "minecraft:story/root": {
    "criteria": {
      "crafting_table": "2024-11-07 22:07:21 +0000"
    },
    "done": true
  },
  "minecraft:recipes/combat/crossbow": {
    "criteria": {
      "has_stick": "2024-11-07 22:07:29 +0000"
    },
    "done": true
  },
  "minecraft:recipes/building_blocks/yellow_wool": {
    "criteria": {
      "has_white_wool": "2024-11-07 22:29:31 +0000"
    },
    "done": true
  },
  "minecraft:recipes/redstone/spruce_pressure_plate": {
    "criteria": {
      "has_planks": "2024-11-07 22:30:03 +0000"
    },
    "done": true
  },
  "minecraft:recipes/transportation/spruce_chest_boat": {
    "criteria": {
      "has_boat": "2024-11-07 22:21:51 +0000"
    },
    "done": true
  },
  "minecraft:recipes/woodcutting/jungle/jungle_fence_from_jungle_planks_woodcutting": {
    "criteria": {
      "give_recipe": "2024-11-07 22:29:45 +0000"
    },
    "done": true
  },
  "minecraft:recipes/decorations/oak_sign": {
    "criteria": {
      "has_planks": "2024-11-07 22:07:18 +0000"
    },
    "done": true
  },
  "minecraft:recipes/food/cooked_porkchop_from_smoking": {
    "criteria": {
      "has_porkchop": "2024-11-07 22:21:26 +0000"
    },
    "done": true
  },
  "minecraft:recipes/redstone/oak_trapdoor": {
    "criteria": {
      "has_planks": "2024-11-07 22:07:18 +0000"
    },
    "done": true
  },
  "minecraft:recipes/building_blocks/prismarine_bricks": {
    "criteria": {
      "has_prismarine_shard": "2024-11-07 22:29:29 +0000"
    },
    "done": true
  },
  "vinery:jungle_wine_rack_big": {
    "criteria": {
      "has_jungle_planks": "2024-11-07 22:29:45 +0000"
    },
    "done": true
  },
  "minecraft:recipes/building_blocks/jungle_slab": {
    "criteria": {
      "has_planks": "2024-11-07 22:29:45 +0000"
    },
    "done": true
  },
  "minecraft:recipes/misc/iron_nugget_from_blasting": {
    "criteria": {
      "has_chainmail_chestplate": "2024-11-07 22:15:33 +0000"
    },
    "done": true
  },
  "securitycraft:recipes/securitycraft/reinforced_diorite": {
    "criteria": {
      "has_cobblestone": "2024-11-07 22:07:39 +0000"
    },
    "done": true
  },
  "minecraft:adventure/kill_a_mob": {
    "criteria": {
      "minecraft:vindicator": "2024-11-07 22:29:21 +0000"
    },
    "done": true
  },
  "minecraft:recipes/redstone/oak_button": {
    "criteria": {
      "has_planks": "2024-11-07 22:07:18 +0000"
    },
    "done": true
  },
  "minecraft:recipes/tools/golden_pickaxe": {
    "criteria": {
      "has_gold_ingot": "2024-11-07 22:15:33 +0000"
    },
    "done": true
  },
  "minecraft:recipes/woodcutting/spruce/spruce_sign_from_spruce_planks_woodcutting": {
    "criteria": {
      "give_recipe": "2024-11-07 22:30:03 +0000"
    },
    "done": true
  },
  "tombstone:recipes/from_grave_dust": {
    "criteria": {
      "has_ingredient": "2024-11-07 22:33:04 +0000"
    },
    "done": true
  },
  "botania:recipes/botania/petal_red_double": {
    "criteria": {
      "has_item": "2024-11-07 22:36:59 +0000"
    },
    "done": true
  },
  "minecraft:recipes/building_blocks/stone": {
    "criteria": {
      "has_cobblestone": "2024-11-07 22:07:39 +0000"
    },
    "done": true
  },
  "minecraft:adventure/adventuring_time": {
    "criteria": {
      "minecraft:snowy_slopes": "2024-11-07 22:08:25 +0000",
      "minecraft:taiga": "2024-11-07 22:36:44 +0000",
      "minecraft:stony_shore": "2024-11-07 22:09:11 +0000",
      "minecraft:cold_ocean": "2024-11-07 22:21:59 +0000",
      "minecraft:forest": "2024-11-07 22:36:41 +0000",
      "minecraft:ocean": "2024-11-07 22:18:50 +0000",
      "minecraft:meadow": "2024-11-07 22:35:20 +0000",
      "minecraft:plains": "2024-11-07 22:05:09 +0000"
    },
    "done": false
  },
  "minecraft:recipes/woodcutting/jungle/crafting_table_from_jungle_planks_woodcutting": {
    "criteria": {
      "give_recipe": "2024-11-07 22:29:45 +0000"
    },
    "done": true
  },
  "handcrafted:recipes/misc/white_sheet": {
    "criteria": {
      "has_sheet": "2024-11-07 22:29:31 +0000"
    },
    "done": true
  },
  "minecraft:recipes/woodcutting/spruce/spruce_button_from_spruce_slab_woodcutting": {
    "criteria": {
      "give_recipe": "2024-11-07 22:22:36 +0000"
    },
    "done": true
  },
  "minecraft:recipes/woodcutting/spruce/barrel_from_spruce_planks_woodcutting": {
    "criteria": {
      "give_recipe": "2024-11-07 22:30:03 +0000"
    },
    "done": true
  },
  "minecraft:recipes/decorations/composter": {
    "criteria": {
      "has_wood_slab": "2024-11-07 22:22:36 +0000"
    },
    "done": true
  },
  "spartanshields:recipes/spartanshields/wooden_basic_shield": {
    "criteria": {
      "has_planks": "2024-11-07 22:07:18 +0000"
    },
    "done": true
  },
  "minecraft:recipes/woodcutting/spruce/spruce_fence_gate_from_spruce_planks_woodcutting": {
    "criteria": {
      "give_recipe": "2024-11-07 22:30:03 +0000"
    },
    "done": true
  },
  "minecraft:recipes/woodcutting/spruce/spruce_door_from_spruce_slab_woodcutting": {
    "criteria": {
      "give_recipe": "2024-11-07 22:22:36 +0000"
    },
    "done": true
  },
  "minecraft:recipes/combat/stone_sword": {
    "criteria": {
      "has_cobblestone": "2024-11-07 22:07:39 +0000"
    },
    "done": true
  },
  "minecraft:recipes/decorations/barrel": {
    "criteria": {
      "has_planks": "2024-11-07 22:07:17 +0000"
    },
    "done": true
  },
  "minecraft:recipes/decorations/cobblestone_wall": {
    "criteria": {
      "has_cobblestone": "2024-11-07 22:07:39 +0000"
    },
    "done": true
  },
  "botania:recipes/botania/red_string_dispenser": {
    "criteria": {
      "has_base_block": "2024-11-07 22:22:44 +0000"
    },
    "done": true
  },
  "minecraft:recipes/tools/stone_pickaxe": {
    "criteria": {
      "has_cobblestone": "2024-11-07 22:07:39 +0000"
    },
    "done": true
  },
  "vinery:oak_wine_rack_big": {
    "criteria": {
      "has_oak_planks": "2024-11-07 22:07:18 +0000"
    },
    "done": true
  },
  "minecraft:recipes/woodcutting/spruce/spruce_fence_gate_from_spruce_slab_woodcutting": {
    "criteria": {
      "give_recipe": "2024-11-07 22:22:36 +0000"
    },
    "done": true
  },
  "minecraft:recipes/redstone/oak_door": {
    "criteria": {
      "has_planks": "2024-11-07 22:07:18 +0000"
    },
    "done": true
  },
  "securitycraft:recipes/securitycraft/motion_activated_light": {
    "criteria": {
      "has_stick": "2024-11-07 22:07:29 +0000"
    },
    "done": true
  },
  "minecraft:recipes/transportation/jungle_boat": {
    "criteria": {
      "in_water": "2024-11-07 22:18:48 +0000"
    },
    "done": true
  },
  "minecraft:recipes/decorations/cobblestone_wall_from_cobblestone_stonecutting": {
    "criteria": {
      "has_cobblestone": "2024-11-07 22:07:39 +0000"
    },
    "done": true
  },
  "minecraft:recipes/woodcutting/spruce/spruce_chest_boat_from_spruce_planks_woodcutting": {
    "criteria": {
      "give_recipe": "2024-11-07 22:30:03 +0000"
    },
    "done": true
  },
  "minecraft:recipes/building_blocks/jungle_stairs": {
    "criteria": {
      "has_planks": "2024-11-07 22:29:45 +0000"
    },
    "done": true
  },
  "minecraft:recipes/woodcutting/spruce/spruce_slab_from_spruce_planks_woodcutting": {
    "criteria": {
      "give_recipe": "2024-11-07 22:30:03 +0000"
    },
    "done": true
  },
  "minecraft:recipes/woodcutting/oak/oak_fence_from_oak_planks_woodcutting": {
    "criteria": {
      "give_recipe": "2024-11-07 22:07:17 +0000"
    },
    "done": true
  },
  "minecraft:recipes/transportation/dark_oak_boat": {
    "criteria": {
      "in_water": "2024-11-07 22:18:48 +0000"
    },
    "done": true
  },
  "minecraft:recipes/building_blocks/pink_wool": {
    "criteria": {
      "has_white_wool": "2024-11-07 22:29:31 +0000"
    },
    "done": true
  },
  "biomancy:recipes/biomancy/digesting/nutrient_paste_from_digesting_good_food": {
    "criteria": {
      "has_food": "2024-11-07 22:18:57 +0000"
    },
    "done": true
  },
  "minecraft:recipes/redstone/jungle_door": {
    "criteria": {
      "has_planks": "2024-11-07 22:29:45 +0000"
    },
    "done": true
  },
  "biomancy:recipes/biomancy/digesting/nutrient_paste_from_digesting_poor_food": {
    "criteria": {
      "has_food": "2024-11-07 22:18:57 +0000"
    },
    "done": true
  },
  "minecraft:recipes/woodcutting/spruce/spruce_trapdoor_from_spruce_slab_woodcutting": {
    "criteria": {
      "give_recipe": "2024-11-07 22:22:36 +0000"
    },
    "done": true
  },
  "biomancy:recipes/biomancy/digesting/nutrient_paste_from_digesting_hay_block": {
    "criteria": {
      "has_hay_block": "2024-11-07 22:22:47 +0000"
    },
    "done": true
  },
  "dungeons_arise:wda_root": {
    "criteria": {
      "WDA": "2024-11-07 22:05:08 +0000"
    },
    "done": true
  },
  "biomancy:recipes/biomancy/digesting/nutrient_paste_from_digesting_excellent_food": {
    "criteria": {
      "has_food": "2024-11-07 22:18:57 +0000"
    },
    "done": true
  },
  "minecraft:recipes/woodcutting/jungle/chest_from_jungle_planks_woodcutting": {
    "criteria": {
      "give_recipe": "2024-11-07 22:29:45 +0000"
    },
    "done": true
  },
  "minecraft:recipes/redstone/jungle_fence_gate": {
    "criteria": {
      "has_planks": "2024-11-07 22:29:45 +0000"
    },
    "done": true
  },
  "vinery:campfire": {
    "criteria": {
      "has_stick": "2024-11-07 22:07:29 +0000",
      "has_the_recipe": "2024-11-07 22:07:29 +0000"
    },
    "done": true
  },
  "minecraft:recipes/combat/golden_leggings": {
    "criteria": {
      "has_gold_ingot": "2024-11-07 22:15:33 +0000"
    },
    "done": true
  },
  "minecraft:recipes/food/cooked_cod_from_smoking": {
    "criteria": {
      "has_cod": "2024-11-07 22:18:57 +0000"
    },
    "done": true
  },
  "minecraft:recipes/woodcutting/oak/oak_chest_boat_from_oak_planks_woodcutting": {
    "criteria": {
      "give_recipe": "2024-11-07 22:07:18 +0000"
    },
    "done": true
  },
  "minecraft:recipes/redstone/spruce_trapdoor": {
    "criteria": {
      "has_planks": "2024-11-07 22:30:03 +0000"
    },
    "done": true
  },
  "handcrafted:recipes/misc/white_cushion": {
    "criteria": {
      "has_cushion": "2024-11-07 22:29:31 +0000"
    },
    "done": true
  },
  "minecraft:recipes/woodcutting/spruce/spruce_pressure_plate_from_spruce_slab_woodcutting": {
    "criteria": {
      "give_recipe": "2024-11-07 22:22:36 +0000"
    },
    "done": true
  },
  "minecraft:recipes/woodcutting/jungle/jungle_stairs_from_jungle_planks_woodcutting": {
    "criteria": {
      "give_recipe": "2024-11-07 22:29:45 +0000"
    },
    "done": true
  },
  "minecraft:recipes/building_blocks/prismarine": {
    "criteria": {
      "has_prismarine_shard": "2024-11-07 22:29:29 +0000"
    },
    "done": true
  },
  "spartanshields:recipes/spartanshields/silver_basic_shield": {
    "criteria": {
      "has_silver_ingot": "2024-11-07 22:15:33 +0000"
    },
    "done": true
  },
  "spartanshields:recipes/spartanshields/silver_tower_shield": {
    "criteria": {
      "has_silver_ingot": "2024-11-07 22:15:33 +0000"
    },
    "done": true
  },
  "vinery:grapevine_pot": {
    "criteria": {
      "has_spruce_planks": "2024-11-07 22:30:03 +0000"
    },
    "done": true
  },
  "minecraft:recipes/woodcutting/jungle/jungle_button_from_jungle_planks_woodcutting": {
    "criteria": {
      "give_recipe": "2024-11-07 22:29:45 +0000"
    },
    "done": true
  },
  "minecraft:recipes/building_blocks/light_gray_wool": {
    "criteria": {
      "has_white_wool": "2024-11-07 22:29:31 +0000"
    },
    "done": true
  },
  "minecraft:recipes/building_blocks/red_wool": {
    "criteria": {
      "has_white_wool": "2024-11-07 22:29:31 +0000"
    },
    "done": true
  },
  "minecraft:recipes/decorations/soul_campfire": {
    "criteria": {
      "has_stick": "2024-11-07 22:07:29 +0000"
    },
    "done": true
  },
  "minecraft:recipes/woodcutting/oak/oak_button_from_oak_planks_woodcutting": {
    "criteria": {
      "give_recipe": "2024-11-07 22:07:18 +0000"
    },
    "done": true
  },
  "minecraft:recipes/tools/stone_axe": {
    "criteria": {
      "has_cobblestone": "2024-11-07 22:07:39 +0000"
    },
    "done": true
  },
  "minecraft:recipes/food/cooked_mutton": {
    "criteria": {
      "has_mutton": "2024-11-07 22:29:31 +0000"
    },
    "done": true
  },
  "biomancy:recipes/biomancy/decomposing/prismarine_shard_decomposing": {
    "criteria": {
      "has_prismarine_shard": "2024-11-07 22:29:29 +0000"
    },
    "done": true
  },
  "minecraft:recipes/woodcutting/spruce/crafting_table_from_spruce_slab_woodcutting": {
    "criteria": {
      "give_recipe": "2024-11-07 22:22:36 +0000"
    },
    "done": true
  },
  "goety_spillage:root": {
    "criteria": {
      "tick": "2024-11-07 22:05:08 +0000"
    },
    "done": true
  },
  "vinery:cherry_fence_gate": {
    "criteria": {
      "has_stick": "2024-11-07 22:07:29 +0000"
    },
    "done": true
  },
  "tombstone:adventure/ambush": {
    "criteria": {
      "coded_trigger": "2024-11-07 22:23:16 +0000"
    },
    "done": true
  },
  "DataVersion": 3120
}